书名,评分,评价人数,作者,出版社,url
見證：改革開放三十年:China’sThirtyYears,9.8,(35人评价),作者/译者： 中國攝影師協會 ,出版信息：  牛津大學出版社 / 2009-11 / HK$398,https://book.douban.com/subject/4209565/
明清檔案文書,9.7,(13人评价),作者/译者： 劉錚雲 主編 ,出版信息：  國立政治大學人文中心 / 2012-9 / NT$800,https://book.douban.com/subject/20451945/
她們，和她們的希望故事,9.6,(27人评价),作者/译者： Nicholas D. Kristof、Sheryl Wudunn / 吳茵茵 ,出版信息：  馬可孛羅 / 2010年08月13日 / NTD350元,https://book.douban.com/subject/5030413/
論嘗試文,9.6,(23人评价),作者/译者： 黃錦樹 ,出版信息：  麥田 / 2016-8-9 / NT480,https://book.douban.com/subject/26834850/
康德歷史哲學論文集（增訂版）,9.6,(37人评价),作者/译者： [德] 康德 / 李明輝 ,出版信息：  聯經 / 2013-6 / NTD420,https://book.douban.com/subject/24746992/
祕密森林：原著劇本（全二冊）,9.6,(37人评价),作者/译者： 李秀妍 / 邱淑怡 ,出版信息：  時報文化出版公司 / 2019-2-1 / NTD800,https://book.douban.com/subject/30469291/
一切能作為學問而出現的未來形上學之序論,9.6,(21人评价),作者/译者： 康德 / 李明輝 ,出版信息：  聯經出版公司 / 2008-9-25 / NT$30,https://book.douban.com/subject/4003196/
他們在島嶼寫作:文學大師系列電影(12DVD/典藏版),9.5,(34人评价),作者/译者： 楊力州、陳傳興、陳懷恩、林靖傑、溫知儀 ,"出版信息：  行人文化實驗室 / 2012-3-1 / NT$2,080",https://book.douban.com/subject/25851825/
夏日踟躇,9.5,(19人评价),作者/译者： 李渝 ,出版信息：  麥田出版公司 / 2002-5-3 / NT$ 260,https://book.douban.com/subject/1367825/
說郛考,9.5,(18人评价),作者/译者： 昌彼得 / 文史哲出版社 / 1979,出版信息： 12/1 / NT$ 350,https://book.douban.com/subject/3744783/
建國以來（1949-1997）:客观深入浅出的经济政治述评,9.5,(29人评价),作者/译者： 张家敏 ,出版信息：  香港政策研究所 / 1999年01月 / HK$280,https://book.douban.com/subject/3768483/
自己幹文化：九零年代的派對與革命,9.5,(14人评价),作者/译者： 喬治‧馬凱（George McKay）等 / 黃孫權、丘德真 ,出版信息：  破週報 / 2008年1月 / 新台币三八○元,https://book.douban.com/subject/3010586/
白先勇作品集,9.5,(48人评价),作者/译者： 白先勇 ,"出版信息：  天下遠見出版股份有限公司 / 2008-9-15 / 9,000 TWD",https://book.douban.com/subject/3218377/
永夜微光:拉岡與未竟之精神分析革命,9.5,(50人评价),作者/译者： 沈志中 ,出版信息：  國立臺灣大學出版中心 / 2019-12 / NT$ 870,https://book.douban.com/subject/34922881/
秧歌,9.5,(128人评价),作者/译者： 張愛玲 ,出版信息：  皇冠 / 2020-2-17 / NTD 260,https://book.douban.com/subject/34973828/
我們:移動與勞動的生命記事,9.4,(79人评价),作者/译者： 顧玉玲 ,出版信息：  印刻文學生活雜誌出版有限公司 / 2008-10 / 140.00元,https://book.douban.com/subject/3268044/
歷史中國的內與外:有關「中國」與「周邊」概念的再澄清,9.4,(91人评价),作者/译者： 葛兆光 ,出版信息：  香港中文大学出版社 / 2018-1 / US$22.00,https://book.douban.com/subject/27622182/
秀才的手錶,9.4,(42人评价),作者/译者： 袁哲生 ,出版信息：  聯合文學 / 2000 / NT 200,https://book.douban.com/subject/1827749/
歷史與思想:二版,9.4,(101人评价),作者/译者： 余英時 ,出版信息：  聯經出版公司 / 2014-4 / 390元新台幣,https://book.douban.com/subject/25846419/
牯嶺街少年殺人事件:一部不一樣電影的分鏡劇本,9.4,(171人评价),作者/译者： 楊德昌、鴻鴻、楊順清、賴銘棠 ,出版信息：  時報文化企業出版有限公司 / 民國八十年 / NT 200,https://book.douban.com/subject/2155295/
1949－1976：歲月滄桑:20世纪中国知识分子精神史三部曲之二,9.3,(76人评价),作者/译者： 钱理群 ,出版信息：  香港城市大学出版社 / 2017 / HK$198.00,https://book.douban.com/subject/30199974/
抄寫員巴托比/水手比利．巴德,9.3,(47人评价),作者/译者： 赫爾曼．梅爾維爾 / 林家任、廖彥博 ,出版信息：  群星文化 / 2016-11-11 / NT350,https://book.douban.com/subject/26907044/
遮蔽的天空（六十五週年經典新譯版）,9.3,(23人评价),作者/译者： 保羅.鮑爾斯(Paul Bowles) ,出版信息：  周雅淳 / 麥田 / 2014-12,https://book.douban.com/subject/26245329/
撒哈拉的故事,9.3,(12441人评价),作者/译者： 三毛 ,出版信息：  北京十月文艺出版社 / 2007-5 / 28.00元,https://book.douban.com/subject/2068211/
家園何處是:HomeisNotHere,9.3,(32人评价),作者/译者： 王賡武 / 林纹沛 ,出版信息：  香港中文大學出版社 / 2020-9 / USD 27.00,https://book.douban.com/subject/35217317/
疼痛是一道我穿越了的牆:瑪莉娜．阿布拉莫維奇自傳,9.2,(128人评价),作者/译者： 瑪莉娜．阿布拉莫維奇 Marina Abramovic ,出版信息：  蘇文君 / 英屬蓋曼群島商網路與書 / 2017-1-3,https://book.douban.com/subject/26950592/
偽科學鑑證1,9.2,(473人评价),作者/译者： 小克 ,出版信息：  香港三聯 / 2006 / HK$88,https://book.douban.com/subject/1829846/
上缅甸诸政治体制:克钦社会结构之研究,9.2,(50人评价),作者/译者： 李區 / 張恭啟、黃道琳 ,出版信息：  正港資訊文化事業有限公司 / 2003-11 / TWD 380,https://book.douban.com/subject/3173529/
艾瑪維多利亞導讀本,9.2,(64人评价),作者/译者： 森薫、村上リコ / 尤靜慧 / 台灣國際角川書店股份有限公司 ,出版信息：  2007 / NT$160/HK$45,https://book.douban.com/subject/3009063/
時代的探索,9.2,(19人评价),作者/译者： 張灝 ,出版信息：  聯經 / 2004 / 112.00元,https://book.douban.com/subject/1353158/
今天四十年,9.2,(13人评价),作者/译者： ,出版信息： 北島 (編)、鄂復明 (編) / 牛津大學出版社 / HKD160,https://book.douban.com/subject/30421962/
法醫科學研究室:鑑識搜查最前線，解剖八百萬種死法,9.2,(153人评价),作者/译者： 道格拉斯.萊爾 / 祁怡瑋、周沛郁、林毓瑜 ,出版信息：  麥田 / 2017-3-18 / NT499,https://book.douban.com/subject/26962594/
瘂弦詩集,9.2,(215人评价),作者/译者： ,出版信息： 瘂弦、王慶麟 / 洪範書店有限公司 / 1981-4-1,https://book.douban.com/subject/1358447/
政治與文學的變奏:中國左翼作家聯盟組織史考論,9.2,(13人评价),作者/译者： 張廣海 ,出版信息：  三聯書店(香港)有限公司 / 2017-9-18 / HK$ 98.00,https://book.douban.com/subject/27167345/
詩意的身體,9.2,(52人评价),作者/译者： 賈克．樂寇 / 馬照琪 ,出版信息：  桂冠 / 2005-2-1 / NT$ 360,https://book.douban.com/subject/1348129/
藍調石牆T,9.2,(19人评价),作者/译者： Leslie Feinberg / 陳婷 ,出版信息：  新新聞文化事業(股)公司 / 2000 年 05 月 / 25.00,https://book.douban.com/subject/1401345/
瘖啞與傾聽:精神分析早期历史研究,9.1,(28人评价),作者/译者： 沈志中 ,出版信息：  行人出版社 / 2009-06 / 新台币420,https://book.douban.com/subject/3781358/
霸王别姬,9.1,(16766人评价),作者/译者： 李碧华 ,出版信息：  人民文学出版社 / 1999-1 / 10.20元,https://book.douban.com/subject/1088711/
愛華坦夫人及其它:荒誕的性的背後,9.1,(21人评价),作者/译者： 喬治．巴塔耶、Georges Bataille、(under pseudonym Pierre Angélique) / 林林 ,出版信息：  金楓實業股份有限公司 / 1994-8 / NT$240,https://book.douban.com/subject/1878740/
伸出蘭花指,9.1,(85人评价),作者/译者： 章詒和 ,出版信息：  牛津大學出版社 / 2018-12-1 / 120,https://book.douban.com/subject/30390432/
梦里花落知多少,9.1,(9342人评价),作者/译者： 三毛 ,出版信息：  北京十月文艺出版社 / 2009-4 / 20.00元,https://book.douban.com/subject/3673671/
中斷的天命:伊斯蘭觀點的世界歷史,9.1,(113人评价),作者/译者： Tamim Ansary 塔米‧安薩里 / 苑默文、劉宜青 ,出版信息：  廣場 / 2017-3-22 / NT$600,https://book.douban.com/subject/26990451/
黃土與中國農業的起源,9.1,(45人评价),作者/译者： 何炳棣 ,出版信息：  香港中文大学出版社 / 1969-4 / 港幣十五元,https://book.douban.com/subject/3238622/
陈映真自选集,9.1,(101人评价),作者/译者： 陈映真 ,出版信息：  三联书店 / 2000-03 / 29.00,https://book.douban.com/subject/1036937/
台北人,9.1,(10800人评价),作者/译者： 白先勇 ,出版信息：  广西师范大学出版社 / 2015-1 / 48.00,https://book.douban.com/subject/26253699/
人生就是那麼回事:馮內果短篇,9.1,(15人评价),作者/译者： 馮內果(Kurt Vonnegut) / 黃美姝、彭臨桂 ,出版信息：  臺灣商務 / 2016-1 / NT$300,https://book.douban.com/subject/26685287/
藝術的法則:文學場域的生成與結構,9.1,(30人评价),作者/译者： 皮耶.布赫迪厄(Pierre Bourdieu) / 石武耕、李沅洳、陳羚芝 ,出版信息：  典藏藝術家庭 / 2016-2-25 / NT$580,https://book.douban.com/subject/26686989/
辶反田野:人類學異托邦故事集,9.1,(36人评价),作者/译者： 趙恩潔、蔡晏霖（主編） ,出版信息：  左岸 / 2019-2 / NT$400,https://book.douban.com/subject/30450211/
地方知識:詮釋人類學論文集,9.1,(18人评价),作者/译者： 克利弗德‧紀爾茲 ,出版信息：  楊德睿 / 麥田 / 2002-8,https://book.douban.com/subject/1791629/
社會科學的研究方法:批判實在論取徑,9.1,(12人评价),作者/译者： Andrew Sayer ,出版信息：  許甘霖、萬毓澤、楊友仁 / 巨流 / 2016,https://book.douban.com/subject/26800306/
《資本論》完全使用手冊:版本、系譜、爭議與當代價值,9.0,(37人评价),作者/译者： 萬毓澤 ,出版信息：  聯經出版公司 / 2018-9-13 / NT280元,https://book.douban.com/subject/30302231/
短衣夜行紀,9.0,(28人评价),作者/译者： 李維怡 ,出版信息：  kubrick / 2013-7 / HK$62.00,https://book.douban.com/subject/24873893/
教我心醉，教我心碎,9.0,(19人评价),作者/译者： ,出版信息： 關子尹 / 漫遊者 / 2007-6-5,https://book.douban.com/subject/2136085/
万水千山走遍,9.0,(6450人评价),作者/译者： 三毛 ,出版信息：  北京十月文艺出版社 / 2009-4 / 20.00元,https://book.douban.com/subject/3698398/
鹿鼎记,9.0,(14575人评价),作者/译者： 金庸 ,出版信息：  生活·读书·新知三联书店 / 1994-5 / 96.00元,https://book.douban.com/subject/1559310/
這些人，那些事,9.0,(4459人评价),作者/译者： 吳念真 ,出版信息：  圓神出版社有限公司 / 2010-10-26 / NT$280,https://book.douban.com/subject/5332948/
瓊美卡隨想錄,9.0,(68人评价),作者/译者： 木心 ,出版信息：  洪範書店 / 2012-6-29 / NT250,https://book.douban.com/subject/11497729/
致我們的朋友:資本主義反抗宣言,9.0,(87人评价),作者/译者： 隱形委員會Comité invisible / 鄧逸晴 ,出版信息：  行人文化實驗室 / 2016-2 / NT$320,https://book.douban.com/subject/26712427/
越南:世界史的失語者,9.0,(237人评价),作者/译者： [美]克里斯多佛‧高夏(Christopher Goscha ) / 譚天 ,出版信息：  聯經出版公司 / 2018-4-2 / NTD580,https://book.douban.com/subject/30165631/
反穀:穀物是食糧還是政權工具？人類為農耕社會付出何種代價？一個政治人類,9.0,(73人评价),作者/译者： 詹姆斯.斯科特(James C. Scott) / 翁德明 ,出版信息：  麥田 / 2019-6-29 / NTD 450,https://book.douban.com/subject/33455463/
小星星通信:TheLittleStarDweller,8.9,(712人评价),作者/译者： 奈良美智 ,出版信息：  大塊文化 / 20041101 / NT$450,https://book.douban.com/subject/1291261/
東周英雄傳(2),8.9,(59人评价),作者/译者： 鄭問 ,出版信息：  時報文化 / 1993年02月16日 / 250元,https://book.douban.com/subject/3121641/
L.I.F.E.,8.9,(332人评价),作者/译者： 方大同 ,出版信息：  日阅堂 / 2010-11-13 / RMB100,https://book.douban.com/subject/3881360/
白话史记（上下）,8.9,(64人评价),作者/译者： 司马迁 / 台湾六十教授 ,出版信息：  岳麓书社 / 1987-3 / 平4.30精5.80,https://book.douban.com/subject/1917839/
智慧書,8.9,(163人评价),作者/译者： 馮象 ,出版信息：  牛津大學出版社 / 2008年 / NT580,https://book.douban.com/subject/3079907/
温柔的夜,8.9,(2896人评价),作者/译者： 三毛 ,出版信息：  哈尔滨出版社 / 2004-8 / 15.80,https://book.douban.com/subject/1082416/
相遇,8.9,(224人评价),作者/译者： 周保松 ,出版信息：  牛津大學出版社 / 2008年11月 / HK$68.00,https://book.douban.com/subject/3314380/
民國政府的西藏專使（1912–1949）,8.9,(93人评价),作者/译者： 朱麗雙 ,出版信息：  香港中文大學出版社 / 2016-1 / HK$ 190.00,https://book.douban.com/subject/26699780/
唐滌生的文字世界─仙鳳鳴卷,8.9,(36人评价),作者/译者： 楊智深 ,出版信息：  三聯書店(香港)有限公司 / 1998 / HK$82.00,https://book.douban.com/subject/1385581/
中國文化的展望,8.9,(35人评价),作者/译者： 殷海光 ,出版信息：  桂冠圖書股份有限公司 / 1992年5月10日 / 250.0,https://book.douban.com/subject/5293839/
盧曼社會系統理論導引,8.9,(67人评价),作者/译者： 克內爾(Georg Kneer)、納塞希(Armin Nassehi) ,出版信息：  魯貴顯 / 巨流圖書公司 / 1998,https://book.douban.com/subject/5332954/
動情的理性:政治哲學作為道德實踐,8.9,(64人评价),作者/译者： 錢永祥 ,出版信息：  聯經出版公司 / 2014-2-27 / NT$550,https://book.douban.com/subject/25776599/
食光記憶:12則鄉愁的滋味,8.9,(18人评价),作者/译者： 胡川安、郭婷、郭忠豪 ,出版信息：  聯經出版公司 / 2017-3-25 / NT$350,https://book.douban.com/subject/27001401/
中國古代的「忠」論研究,8.9,(23人评价),作者/译者： 佐藤將之 ,出版信息：  國立臺灣大學出版中心 / 2010-6 / 140.00元,https://book.douban.com/subject/4898733/
野火集:二十年纪念版,8.9,(13662人评价),作者/译者： 龙应台 ,出版信息：  生活·读书·新知三联书店 / 2010-1-5 / 27.00元,https://book.douban.com/subject/4729583/
行路難,8.9,(71人评价),作者/译者： 李維怡 ,出版信息：  kubrick / 2009年7月 / HK$75,https://book.douban.com/subject/3842640/
霸王別姬,8.9,(1066人评价),作者/译者： 李碧華 ,出版信息：  天地圖書 / 2000 / HK60.00,https://book.douban.com/subject/1361267/
殺母的文化:二十世紀美國大眾心態史,8.9,(28人评价),作者/译者： 孫隆基 ,出版信息：  國立臺灣大學出版中心 / 2010-1-6 / NT$399,https://book.douban.com/subject/4229526/
稻草人手记,8.9,(6695人评价),作者/译者： 三毛 ,"出版信息：  北京出版集团公司,北京十月文艺出版社 / 2011-7-1 / 22.00元",https://book.douban.com/subject/6558708/
亲爱的安德烈:两代共读的36封家书,8.8,(8211人评价),作者/译者： 龙应台、安德烈 ,出版信息：  广西师范大学出版社 / 2013-3 / 29.80元,https://book.douban.com/subject/21617765/
猎人们,8.8,(2497人评价),作者/译者： 朱天心 ,出版信息：  生活·读书·新知三联书店 / 2006-10 / 24.00元,https://book.douban.com/subject/1906681/
欢乐英雄,8.8,(14351人评价),作者/译者： 古龙 ,出版信息：  珠海出版社 / 2005-8 / 28.00元,https://book.douban.com/subject/1264579/
破晓时分,8.8,(22人评价),作者/译者： 朱西甯 ,出版信息：  河南文艺出版社 / 2021-5 / 68.00,https://book.douban.com/subject/35451966/
複眼人,8.8,(114人评价),作者/译者： 吳明益、張又然 编 ,出版信息：  夏日出版社 / 2011-1-28 / NT$300,https://book.douban.com/subject/5952464/
聲色盒子:音效大師杜篤之的電影路,8.8,(66人评价),作者/译者： 張靚蓓 ,出版信息：  大塊文化 / 2009年12月02日 / NT$350,https://book.douban.com/subject/4170301/
天界之文:魏晉南北朝靈寶經典研究,8.8,(18人评价),作者/译者： 謝世維 ,出版信息：  台湾商务印书馆股份有限公司 / 2010-11-9 / NT350,https://book.douban.com/subject/19948654/
孤獨前哨:太平洋戰爭中的香港戰役,8.8,(25人评价),作者/译者： 鄺智文、蔡燿倫 ,出版信息：  天地圖書有限公司 / 2013-9-1 / HKD108.00,https://book.douban.com/subject/25755526/
成為「日本人」:殖民地台灣與認同政治,8.8,(121人评价),作者/译者： 荊子馨(Leo T. S. Ching) / 鄭力軒 ,出版信息：  麥田出版公司 / 2006-1-1 / NTD340,https://book.douban.com/subject/1975667/
失控的照護,8.8,(135人评价),作者/译者： 葉真中顯 / 張宇心 ,出版信息：  天培文化 / 2015-9-1 / NT$360,https://book.douban.com/subject/26581245/
玩火的女孩,8.8,(571人评价),作者/译者： 史迪格·拉森、Stieg Larsson、スティーグ・ラーソン / 顏湘如 ,出版信息：  寂寞出版股份有限公司 / 2009年07月24日 / NTD360元,https://book.douban.com/subject/3809357/
孽子,8.8,(8920人评价),作者/译者： 白先勇 ,出版信息：  花城出版社 / 2000-4-1 / 21.80元,https://book.douban.com/subject/1076654/
文化研究:理論與實踐,8.8,(33人评价),作者/译者： Chris Barker / 羅世宏 ,出版信息：  五南出版社 / 20040901 / NT 520,https://book.douban.com/subject/1389252/
雲圖,8.8,(170人评价),"作者/译者： Mitchell, David / 左惟真 ",出版信息：  商周文化事業股份有限公司 / 2009-7-28 / NT$360,https://book.douban.com/subject/3866488/
香港有文化——香港的文化政策(上卷),8.8,(23人评价),作者/译者： 陳雲 ,出版信息：  花千樹 / 2008 / HK$128,https://book.douban.com/subject/3272150/
稻草人手记:三毛散文全编,8.8,(842人评价),作者/译者： 三毛 ,出版信息：  湖南文艺出版社 / 1993-7 / 3.70,https://book.douban.com/subject/1471704/
寫給Ly’sM－1999,8.8,(42人评价),作者/译者： 蔣勳、蒋勋 ,出版信息：  聯合文學 / 2000-02-01 / 72.00元,https://book.douban.com/subject/1871217/
以箭为翅,8.8,(2655人评价),作者/译者： 简媜、徐学 编 ,出版信息：  江苏文艺出版社 / 2007-8 / 20.00元,https://book.douban.com/subject/2254582/
莊子四講,8.8,(34人评价),作者/译者： 畢來德（Jean François Billeter） / 宋剛 ,出版信息：  聯經出版公司 / 2011-10 / NT220,https://book.douban.com/subject/6860065/
安源:發掘中國革命之傳統,8.8,(274人评价),作者/译者： 裴宜理 (Elizabeth J. Perry) / 閻小駿 / 香港大學出版社 ,出版信息：  2014-7-1 / HKD160.00 / USD21.00,https://book.douban.com/subject/25930094/
余英時回憶錄,8.8,(415人评价),作者/译者： 余英時 ,出版信息：  允晨文化 / 2018-11-1 / NT$350,https://book.douban.com/subject/30348380/
某代风流,8.8,(32人评价),作者/译者： 曹志涟 ,出版信息：  开元书印 / 2004年 / NTD 贰佰圆整,https://book.douban.com/subject/1626226/
戰後臺灣政治史:中華民國臺灣化的歷程,8.8,(66人评价),作者/译者： 若林正丈 / 洪郁如 ,出版信息：  臺大出版中心 / 2016-4 / NT$500.00,https://book.douban.com/subject/26716268/
席慕蓉经典作品,8.7,(2070人评价),作者/译者： 席慕蓉 ,出版信息：  当代世界出版社 / 2004-9-1 / 22.80元,https://book.douban.com/subject/1083883/
毒家企業:從創造品牌價值到優化客戶服務，毒梟如何經營販毒集團？,8.7,(12人评价),作者/译者： 湯姆．溫萊特（Tom Wainwright） / 吳煒聲 ,出版信息：  寶鼎 / 2019-1-31 / NT#430,https://book.douban.com/subject/30442193/
送你一匹马:三毛散文全编,8.7,(1833人评价),作者/译者： 三毛 ,出版信息：  湖南文艺出版社 / 1993-7 / 3.70,https://book.douban.com/subject/1471705/
林清玄散文,8.7,(199人评价),作者/译者： 林清玄 ,出版信息：  浙江文艺出版社 / 1900-1 / 12.1,https://book.douban.com/subject/1510333/
我的灵魂骑在纸背上:三毛的书信札与私相薄,8.7,(2776人评价),作者/译者： 三毛 ,出版信息：  哈尔滨出版社 / 2003年4月第1版 / 19.80,https://book.douban.com/subject/1037716/
台灣新文學史:世紀典藏精裝版,8.7,(17人评价),作者/译者： 陳芳明 ,出版信息：  聯經 / 2011-11-2 / NT$1200,https://book.douban.com/subject/6900663/
傾城,8.7,(3890人评价),作者/译者： 三毛 / 皇冠文化出版有限公司 / 1985,出版信息： 03/01 / 170 TWD,https://book.douban.com/subject/1382836/
少年來了,8.7,(183人评价),作者/译者： 韓江 / 尹嘉玄 ,出版信息：  漫遊者文化 / 2018-1-3 / NT$320,https://book.douban.com/subject/27593378/
共產黨·地方菁英·農民:鄂豫皖苏区的共产革命（1922-1932）,8.7,(36人评价),作者/译者： 陈耀煌 ,出版信息：  國立政治大學歷史學系 / 2002-12 / NT$400,https://book.douban.com/subject/5386108/
中國文化的深層結構,8.7,(81人评价),作者/译者： 孙隆基 ,出版信息：  花千樹 / 2005-10 / HK$88,https://book.douban.com/subject/1885263/
鲁迅精神史探源:「進化」與「國民」,8.7,(11人评价),作者/译者： 李冬木 ,出版信息：  秀威資訊科技 / 2019-5 / NTD450,https://book.douban.com/subject/33409153/
也是香港人──七字頭的新移民誌,8.7,(26人评价),作者/译者： 梁以文、郭儉、趙寧志、黃思存、金曄路、陳美紅、張為群 / 進一步多媒體有限公司 ,出版信息：  2009/04 / 60,https://book.douban.com/subject/3718927/
小说稗类,8.7,(3098人评价),作者/译者： 张大春 ,出版信息：  广西师范大学出版社 / 2010-10 / 33.00元,https://book.douban.com/subject/1038476/
堀與宮村1,8.7,(588人评价),作者/译者： 原作：HERO、漫畫：萩原ダイスケ / 呂郁青 ,出版信息：  青文出版社 / 2015-7-9 / NT$ 140,https://book.douban.com/subject/26432744/
第一人稱,8.7,(100人评价),作者/译者： 夏宇 ,出版信息：  作者自印 / 2016-7 / NT$770,https://book.douban.com/subject/26838565/
殖民無間道,8.7,(67人评价),作者/译者： 羅永生 ,出版信息：  牛津大學出版社 / 2007 / HK$96,https://book.douban.com/subject/2146219/
紅樓夢西游記:細評紅樓夢新英譯,8.7,(22人评价),作者/译者： 林以亮 ,出版信息：  聯經出版事業股份有限公司 / 1976年9月初版 / NT 150,https://book.douban.com/subject/4317596/
論晚期風格:反常合道的音樂與文學,8.7,(45人评价),作者/译者： 艾德華‧薩依德(Edward W. Said) / 彭淮棟 ,出版信息：  麥田 / 2010-04 / NT350,https://book.douban.com/subject/4470679/
雨季不再来,8.6,(9788人评价),作者/译者： 三毛 ,出版信息：  北京十月文艺出版社 / 2011-7-1 / 24.00元,https://book.douban.com/subject/6558705/
憂鬱的文化政治,8.6,(39人评价),作者/译者： Emily Martin、Christopher Lane、David L. Eng、David Kazanjian、Max Pensky、Heather K. love、Eve Kosofsky Sedgwick、Carrie Hamilton、Wendy Brown、Judith Butler / 林家瑄、洪凌、翁健鐘、區立遠、張永靖、楊雅婷、鄭亘良、鄭聖勳 ,出版信息：  蜃樓 / 2010年3月19日 / NT$350,https://book.douban.com/subject/4706744/
在废墟里看见罗马,8.6,(53人评价),作者/译者： 马家辉 ,出版信息：  天地图书 / 2006年7月 / HK$60,https://book.douban.com/subject/1829670/
夜未央,8.6,(31人评价),作者/译者： 費茲傑羅 ,出版信息：  湯新楣 / 桂冠圖書 / NT200,https://book.douban.com/subject/1806373/
學以為已:傳統中國的教育,8.6,(59人评价),作者/译者： 李弘祺 ,出版信息：  香港中文大学出版社 / 2012-6 / USD 32.00,https://book.douban.com/subject/11577251/
東課樓經變,8.6,(76人评价),作者/译者： 費瀅 ,出版信息：  INK印刻出版公司 / 2017-1-24 / NT$280,https://book.douban.com/subject/26955734/
殺鬼,8.6,(56人评价),作者/译者： 甘耀明 ,出版信息：  寶瓶文化 / 2009年07月28日 / 350 TWD,https://book.douban.com/subject/3870395/
七十年代,8.6,(1664人评价),作者/译者： 北島、李陀 主编 ,出版信息：  牛津大學出版社 / 2008-12 / HK$108,https://book.douban.com/subject/3334378/
倚天屠龙记(共四册),8.6,(53511人评价),作者/译者： 金庸 ,出版信息：  三联书店 / 1999-04 / 47.00,https://book.douban.com/subject/1070851/
黑暗時代群像:MeninDarkTimes(1968),8.6,(34人评价),"作者/译者： 漢娜．鄂蘭  (Arendt, Hannah / 鄧伯宸 ",出版信息：  立緒文化公司 / 2006-11-13 / NT$ 380.00,https://book.douban.com/subject/1926147/
後殖民誌:智慧田051,8.6,(483人评价),作者/译者： 黃碧雲 ,出版信息：  大田出版有限公司 / 2003-9-23 / TWD 250,https://book.douban.com/subject/1339258/
台湾:分裂国家与民主化,8.6,(10人评价),作者/译者： 若林正丈 ,出版信息：  洪金珠、许佩贤 / 新自然主義 / 1994,https://book.douban.com/subject/2215912/
野猪渡河,8.6,(854人评价),作者/译者： 张贵兴 ,出版信息：  后浪丨四川人民出版社 / 2021-1 / 58.00元,https://book.douban.com/subject/35197299/
蔣經國傳,8.6,(391人评价),作者/译者： [美] 陶涵 / 林添貴 ,出版信息：  時報文化出版企業股份 / 2009-3-30 / NT$390.00,https://book.douban.com/subject/3664305/
匡超人,8.6,(40人评价),作者/译者： 駱以軍 ,出版信息：  麥田出版公司 / 2018-1-4 / NT$490,https://book.douban.com/subject/27606187/
在他鄉寫作,8.6,(69人评价),作者/译者： 哈金 / 明迪 ,出版信息：  联经 / 2010.1 / 104.00元,https://book.douban.com/subject/4243752/
树犹如此,8.6,(7684人评价),作者/译者： 白先勇 ,出版信息：  广西师范大学出版社 / 2011-11 / 39.00元,https://book.douban.com/subject/6937888/
魂牵,8.6,(107人评价),作者/译者： 龙应台 ,出版信息：  湖南文艺出版社 / 2001-11-01 / 12.5,https://book.douban.com/subject/1411194/
鬼狐仙怪――三生三世,8.6,(414人评价),作者/译者： 蔡志忠 ,出版信息：  三联书店 / 1996-02 / 4.90元,https://book.douban.com/subject/1070087/
我的宝贝:三毛全集(13),8.6,(11072人评价),作者/译者： 三毛 ,出版信息：  哈尔滨出版社 / 2003-4-1 / 16.60,https://book.douban.com/subject/1065239/
日常生活中的自我表演,8.6,(73人评价),作者/译者： E. Goffman ,出版信息：  徐江敏、李姚軍、余伯泉 / 桂冠 / 1992,https://book.douban.com/subject/1663652/
沉默。暗啞。微小。,8.5,(715人评价),作者/译者： 黃碧雲 ,出版信息：  天地圖書 / 2004 / H.K.$55.00,https://book.douban.com/subject/1316611/
味覺現象學,8.5,(435人评价),作者/译者： 梁文道 ,出版信息：  上书局 / 2007-7 / HK$59,https://book.douban.com/subject/2144432/
炎夏之都,8.5,(1000人评价),作者/译者： 朱天文 ,出版信息：  上海文艺出版社 / 2001-1 / 16.00元,https://book.douban.com/subject/1087062/
Straightlygay一直‧攣,8.5,(45人评价),作者/译者： 梁兆輝 ,出版信息：  kubrick / 2009年07月 / HK$88,https://book.douban.com/subject/3848131/
胭脂扣生死桥,8.5,(6333人评价),作者/译者： 李碧华 ,出版信息：  花城出版社 / 2006-7 / 29.00元,https://book.douban.com/subject/1032581/
随想,8.5,(2647人评价),作者/译者： 三毛 ,出版信息：  哈尔滨出版社 / 2003-07 / 11.60,https://book.douban.com/subject/1061572/
那麼熱，那麼冷,8.5,(41人评价),作者/译者： 王定國 ,出版信息：  INK印刻出版公司 / 2013-10 / NT330,https://book.douban.com/subject/25742090/
我的宝贝:三毛散文全编,8.5,(741人评价),作者/译者： 三毛 ,出版信息：  湖南文艺出版社 / 1993-07-01 / 4.90,https://book.douban.com/subject/1471706/
寂寞的十七岁,8.5,(587人评价),作者/译者： 白先勇 ,出版信息：  广西师范大学出版社 / 2015-1 / 49.00元,https://book.douban.com/subject/26253697/
孤琴,8.5,(154人评价),作者/译者： 巫宁坤 ,出版信息：  允晨文化 / 2008.9.1 / 320（NT＄）,https://book.douban.com/subject/3189895/
"所信即所見:觀看之道,論攝影的神祕現象",8.5,(26人评价),作者/译者： 埃洛.莫里斯(Errol Morris) / 吳莉君 ,出版信息：  麥田 / 2016-12 / 580,https://book.douban.com/subject/26906525/
教育應該不一樣,8.5,(43人评价),作者/译者： 嚴長壽 ,出版信息：  天下遠見出版股份有限公司 / 2011-4-28 / NT$330,https://book.douban.com/subject/6274734/
夢遊書,8.5,(53人评价),作者/译者： 簡媜 / 洪範 ,出版信息：  2007/11 / 230,https://book.douban.com/subject/3902430/
桂花巷,8.5,(116人评价),作者/译者： 蕭麗紅 ,出版信息：  聯經出版公司 / 1977年01月15日 / NT.300,https://book.douban.com/subject/1915417/
班雅明作品選:单行道柏林童年,8.5,(19人评价),作者/译者： 瓦爾特．班雅明　李士勛．徐小青譯 / 李士勛、徐小青 ,出版信息：  允晨實業 / 20030430 / NT$ 300,https://book.douban.com/subject/1362099/
JohnHo少年事件:——成長的快樂與輕狂事,8.5,(97人评价),作者/译者： John Ho ,出版信息：  三聯書店(香港)有限公司 / 2009年10月 / $88,https://book.douban.com/subject/4099626/
送你一匹马,8.5,(3295人评价),作者/译者： 三毛 ,出版信息：  哈尔滨出版社 / 2004-8 / 12.60,https://book.douban.com/subject/1082417/
香港味道1：酒樓茶肆精華極品,8.5,(173人评价),作者/译者： 歐陽應霽 ,出版信息：  大块文化出版股份有限公司 / 2007-1-31 / NT$380.00,https://book.douban.com/subject/2006062/
布考斯基煮了七十年的一鍋東西,8.5,(91人评价),作者/译者： 查理．布考斯基 / 巫士 ,出版信息：  圓神 / 2005-6 / NT$ 330,https://book.douban.com/subject/1337022/
體物入微:物與身體感的研究,8.5,(52人评价),作者/译者： 余舜德、李尚仁、林淑蓉、陳元朋、郭奇正、張珣、蔡怡佳、蔡璧名、鍾蔚文、顏學誠、Elisabeth Hsu ,出版信息：  國立清華大學 / 民國097年09月 / 定價400元,https://book.douban.com/subject/3788644/
赤地之戀,8.5,(53人评价),作者/译者： 張愛玲 ,出版信息：  皇冠 / 2020-4 / NT$320.00,https://book.douban.com/subject/34986076/
你不相信的事,8.5,(117人评价),作者/译者： 張惠菁 ,出版信息：  大塊 / 2005-6 / NT250元,https://book.douban.com/subject/1350784/
沉默。暗啞。微小。:智慧田057,8.5,(1117人评价),作者/译者： 黃碧雲 ,出版信息：  臺北大田 / 2004-8-30 / 230,https://book.douban.com/subject/1353132/
給冥王星,8.5,(233人评价),作者/译者： 張惠菁 ,出版信息：  大塊文化 / 2008-2 / 100.00元,https://book.douban.com/subject/3014502/
大河盡頭（上卷：溯流）,8.5,(37人评价),作者/译者： 李永平 ,出版信息：  麥田 / 2008.08.05 / 420 TWD,https://book.douban.com/subject/3178311/
歷史與怪獸:歷史，暴力，敘事,8.4,(187人评价),作者/译者： 王德威 ,出版信息：  城邦（麥田） / 2004-11-24 / NT$ 300,https://book.douban.com/subject/1364088/
貓咪，請原諒我,8.4,(20人评价),作者/译者： 佐野洋子 ,出版信息：  陳系美 / 大塊文化 / 2016-6-27,https://book.douban.com/subject/26785946/
恍惚的慢板,8.4,(72人评价),作者/译者： 柯裕棻 ,出版信息：  大塊 / 20040901 / 96.00元,https://book.douban.com/subject/1369078/
痖弦诗选:台湾香港新诗窗,8.4,(139人评价),作者/译者： 痖弦著、周良沛选编 ,出版信息：  四川文艺出版社 / 1987 / 0.78,https://book.douban.com/subject/2345992/
中国模式：赞成与反对,8.4,(61人评价),作者/译者： 丁学良 ,出版信息：  牛津大学出版社 / 2011-6-9 / 98,https://book.douban.com/subject/6539609/
重读:在咖啡馆遇见14个作家,8.4,(762人评价),作者/译者： 唐诺 ,出版信息：  广西师范大学出版社 / 2015-1 / 56.00,https://book.douban.com/subject/25961455/
六個非道德故事,8.4,(40人评价),作者/译者： 艾瑞克‧侯麥 / 嚴慧瑩 ,出版信息：  時報出版 / 1996 年 06 月 11 日 / 260,https://book.douban.com/subject/1769544/
Moneyland:WhyThievesAndCrooksNowRuleTheWorldAndHowToTakeItBack,8.4,(16人评价),作者/译者： Oliver Bullough ,出版信息：  Profile Books / 2018-9-6 / GBP 20.00,https://book.douban.com/subject/30326720/
私房書,8.4,(95人评价),作者/译者： 簡媜 ,出版信息：  洪範書店有限公司 / 20070926 / NTD200.00,https://book.douban.com/subject/2285006/
我不是完美小孩,8.4,(6319人评价),作者/译者： 幾米 ,出版信息：  海豚出版社 / 2011-4 / 38.00元,https://book.douban.com/subject/6007431/
郑愁予诗的自选（二）,8.4,(96人评价),作者/译者： 郑愁予 ,出版信息：  生活·读书·新知三联书店 / 2000-03 / 22.00,https://book.douban.com/subject/1027169/
寂寞的游戏,8.4,(18645人评价),作者/译者： 袁哲生 ,出版信息：  北京联合出版公司 / 2017-9 / 38.00元,https://book.douban.com/subject/27104286/
液態之愛:論人際紐帶的脆弱,8.4,(57人评价),作者/译者： 齊格蒙·包曼 (Zygmunt Bauman) / 何定照、高瑟濡 ,出版信息：  商周 / 2008-1 / HK$107,https://book.douban.com/subject/2973399/
東印度公司與亞洲的海洋:跨國公司如何創造二百年歐亞整體史,8.4,(85人评价),作者/译者： 羽田正 / 林詠純 ,出版信息：  八旗文化 / 2018-1-31 / NT$550,https://book.douban.com/subject/27623526/
听幾米唱歌,8.4,(397人评价),作者/译者： 几米 绘 ,出版信息：  海豚出版社 / 2012-1 / 38.00元,https://book.douban.com/subject/7057385/
哨鹿,8.4,(46人评价),作者/译者： 西西 ,出版信息：  洪範書店 / 1999-4-1 / NT$ 200,https://book.douban.com/subject/1367071/
只缘身在此山中,8.4,(1876人评价),作者/译者： 简媜 ,出版信息：  文化艺术出版社 / 2009-11 / 18.00元,https://book.douban.com/subject/4170274/
空灵:简媜读山水诗,8.4,(1220人评价),作者/译者： 简媜 ,出版信息：  万卷出版公司 / 2011-1-1 / 20.00元,https://book.douban.com/subject/5402205/
离魂,8.4,(2333人评价),作者/译者： 张大春 ,出版信息：  海豚出版社 / 2010-8 / 15.80元,https://book.douban.com/subject/4881999/
我城,8.4,(454人评价),作者/译者： 西西、none、none / 洪範書店有限公司 / 1999,出版信息： 09/10 / HK$77.00,https://book.douban.com/subject/1364785/
周代城邦,8.4,(154人评价),作者/译者： 杜正勝 ,出版信息：  聯經出版事業公司 / 1979-7 / NT$120,https://book.douban.com/subject/3278238/
廣告講義:「廣告101」系列別注入門工具版：廣告行業基礎知識全事典,8.4,(37人评价),作者/译者： 吳博林、廣告Playgroup ,出版信息：  經濟日報出版社 / 2010年3月 / 港幣$188,https://book.douban.com/subject/4729692/
我自我的田渠归来,8.4,(47人评价),作者/译者： ,出版信息： 张晓风 著、博集天卷 出品 / 湖南文艺出版社 / 46.8元,https://book.douban.com/subject/32582037/
從舞臺邊緣走向中央:美國在中國抗戰初期外交視野中的轉變1937-1941,8.3,(12人评价),作者/译者： 齊錫生 ,出版信息：  聯經出版公司 / 2017-7-5 / NTD850,https://book.douban.com/subject/27065685/
江南小语,8.3,(20人评价),作者/译者： （美）江南 ,出版信息：  中国友谊出版公司 / 1985-11 / 1.85元,https://book.douban.com/subject/2311637/
青春,8.3,(9933人评价),作者/译者： 韓寒 ,出版信息：  新經典圖文傳播有限公司 / 2010-09-27 / NT$300,https://book.douban.com/subject/5290564/
喜宝,8.3,(12589人评价),作者/译者： 亦舒 ,出版信息：  海天出版社 / 1996 / 18.00元,https://book.douban.com/subject/1051797/
七种武器（全三册）,8.3,(9040人评价),作者/译者： 古龙 ,出版信息：  珠海出版社 / 2005-8 / 56.00元,https://book.douban.com/subject/1089523/
清欢,8.3,(2035人评价),作者/译者： 林清玄 ,出版信息：  河北教育出版社 / 2006-12 / 15.00元,https://book.douban.com/subject/2174792/
LA流浪記,8.3,(4563人评价),作者/译者： 蔡康永 ,出版信息：  皇冠文化出版有限公司 / 2012-3-12 / NT$250,https://book.douban.com/subject/1343089/
原鄉人:族群的故事,8.3,(42人评价),作者/译者： 王德威 / 黃錦樹 ,出版信息：  麥田出版公司 / 2004-11 / 280 元,https://book.douban.com/subject/1786505/
年鑑學派管窺,8.3,(13人评价),作者/译者： 賴建誠譯 ,出版信息：  左岸 / 2003-4-1 / NT$ 250,https://book.douban.com/subject/1352707/
夏飘雪,8.3,(173人评价),作者/译者： 洛心 ,出版信息：  汕头大学出版社 / 2005-1 / 16.00元,https://book.douban.com/subject/1194474/
生死橋,8.3,(297人评价),作者/译者： ,出版信息： 李碧華 / 天地图书 / HK$88,https://book.douban.com/subject/1395030/
是或一點也不,8.3,(20人评价),作者/译者： 黃國峻 ,出版信息：  聯合文學 / 2003-8-1 / NT$ 220,https://book.douban.com/subject/1368348/
笔逗言,8.3,(54人评价),作者/译者： 何欣穗 ,出版信息：  平裝本出版有限公司 / 2001-6-15 / 新台币240元,https://book.douban.com/subject/1473190/
杀夫,8.3,(29人评价),作者/译者： 李昂 ,出版信息：  北方文艺出版社 / 1988 / 2.20,https://book.douban.com/subject/3202920/
滚石30:1981～专辑全记录,8.3,(595人评价),作者/译者： 段书佩 主编 ,出版信息：  哈尔滨出版社 / 2011-5 / 88.00元,https://book.douban.com/subject/6101070/
猿猴志,8.3,(87人评价),作者/译者： 西西 ,出版信息：  广西师范大学出版社 / 2012-8-1 / 48.00元,https://book.douban.com/subject/11516838/
我的心中每天开出一朵花,8.3,(131人评价),作者/译者： 幾米 ,出版信息：  海豚出版社 / 2012-10 / 40.00元,https://book.douban.com/subject/19959618/
淡之頌：論中國思想與美學,8.3,(44人评价),作者/译者： 法蘭斯瓦·余蓮（François Jullien） ,出版信息：  卓立 / 桂冠 / 2006-02-01,https://book.douban.com/subject/2139895/
茶餐時光,8.3,(34人评价),作者/译者： 銘予 ,出版信息：  陳湘記圖書有限公司 / 2009-10 / HKD 38.00,https://book.douban.com/subject/4045104/
哀傷浮游,8.3,(31人评价),作者/译者： 黃色書刊 ,出版信息：  時報出版 / 2014-1-6 / NT$240,https://book.douban.com/subject/25805124/
書店風景:2007十年经典纪念版,8.3,(124人评价),作者/译者： 鍾芳玲 ,出版信息：  山岳文化 / 2007-12-1 / NTD690.00  平装版NTD500.00,https://book.douban.com/subject/2362781/
体育时期,8.3,(687人评价),作者/译者： 董启章 ,出版信息：  作家出版社 / 2010-02 / 35.00元,https://book.douban.com/subject/4309094/
流金岁月,8.3,(12428人评价),作者/译者： （香港）亦舒 ,出版信息：  海天出版社 / 1998-06-01 / 9.80元,https://book.douban.com/subject/1046172/
青筋:看看手腕，誰都有條青春的筋。,8.3,(55人评价),作者/译者： 林日曦 ,出版信息：  白卷出版社 / 2013-5-15 / HK$ 68.0,https://book.douban.com/subject/24531304/
"管教啊,管教",8.3,(111人评价),作者/译者： 汪培珽 ,出版信息：  愛孩子愛自己工作室 / 2010 / 95.00元,https://book.douban.com/subject/4747184/
黄金盟誓之书,8.3,(924人评价),作者/译者： 朱天文 ,出版信息：  山东画报出版社 / 2010年1月 / 35.00,https://book.douban.com/subject/3662629/
置疑婚姻家庭連續體,8.3,(15人评价),作者/译者： 丁乃非、劉人鵬 ,出版信息：  蜃樓 / 2011-11-7 / 350元,https://book.douban.com/subject/7175059/
時裝時刻:myfashionmoments87-07,8.3,(2399人评价),作者/译者： 黎堅惠 ,出版信息：  三聯書店(香港)有限公司 / 2007 / 港币150元,https://book.douban.com/subject/2287123/
波灣戰爭不曾發生,8.2,(24人评价),作者/译者： 布希亞 / 黃建宏、邱德亮 ,出版信息：  城邦（麥田） / 2003-5 / NT$ 180,https://book.douban.com/subject/1342542/
西洋哲学故事,8.2,(18人评价),作者/译者： 威尔．杜兰 ,出版信息：  陈文林 / 台湾志文出版社 / 1980,https://book.douban.com/subject/3169251/
答同代人,8.2,(116人评价),作者/译者： 董启章 ,出版信息：  作家出版社 / 2012-1-1 / 29.00元,https://book.douban.com/subject/10446423/
那些年，我们一起追的女孩:九把刀作品集,8.2,(10051人评价),作者/译者： 九把刀 ,出版信息：  现代出版社 / 2012-1 / 28.00元,https://book.douban.com/subject/7564736/
谈心,8.2,(2349人评价),作者/译者： 三毛 ,出版信息：  哈尔滨出版社 / 2003-8-1 / 11.60,https://book.douban.com/subject/1082415/
建設中國的耶路撒冷:基督教與城市現代性變遷,8.2,(60人评价),作者/译者： 曹南來 ,出版信息：  Hong Kong University Press / 2013-10 / HKD 180.00,https://book.douban.com/subject/25739487/
私密信件博物館:CorrespondenceDeservingofaWiderAudiencebyShaunUsher,8.2,(58人评价),作者/译者： 史恩.亞緒爾 / 子玉 ,出版信息：  臉譜 / 2016-3-3 / NT$750,https://book.douban.com/subject/26705516/
马家辉家行散记,8.2,(156人评价),作者/译者： 马家辉、张家瑜 ,出版信息：  中信出版集团 / 2018-1 / 139.00,https://book.douban.com/subject/27589366/
欢喜贼,8.2,(117人评价),作者/译者： （台湾）张大春 ,出版信息：  海天出版社 / 2000-01 / 14.80,https://book.douban.com/subject/1014090/
幻化之龍:2000年中國歷史變遷中的孔子,8.2,(17人评价),作者/译者： 戴梅可、魏偉森 / 何劍葉 ,出版信息：  香港中文大學出版社 / 2015-7 / USD 18,https://book.douban.com/subject/25976006/
"啟蒙、理性與現代性:近代中國啟蒙運動,1895-1925",8.2,(17人评价),作者/译者： 丘為君 ,出版信息：  臺大出版中心 / 2018-8-21 / NT$450,https://book.douban.com/subject/30270581/
停车暂借问:赵宁静的传奇,8.2,(3778人评价),作者/译者： 钟晓阳 ,出版信息：  新星出版社 / 2011-9 / 25.00元,https://book.douban.com/subject/6527141/
生死桥,8.2,(5576人评价),作者/译者： 李碧华 ,出版信息：  新世界出版社 / 2006-1-1 / 23.0,https://book.douban.com/subject/1731521/
縫身,8.2,(77人评价),作者/译者： 韓麗珠 ,出版信息：  聯合文學 / 2010-10 / 112.00元,https://book.douban.com/subject/5341546/
向康德學習請客吃飯,8.2,(23人评价),作者/译者： 顏擇雅 ,出版信息：  INK印刻文學 / 2016-1-10 / HK$89,https://book.douban.com/subject/26682126/
花忆前身,8.2,(995人评价),作者/译者： 朱天文 ,出版信息：  上海文艺出版社 / 2001-1 / 14.00元,https://book.douban.com/subject/1018416/
此時眾生,8.2,(51人评价),作者/译者： 蔣勳 ,出版信息：  有鹿文化事業有限公司 / 2012-7-27 / NT$320.00,https://book.douban.com/subject/11593638/
愛的地下教育,8.2,(2043人评价),作者/译者： 彭浩翔 ,出版信息：  茶杯雜誌出版有限公司 / 2010-8 / HK$ 88.00,https://book.douban.com/subject/4915869/
那些年，我们一起追的女孩,8.2,(39505人评价),作者/译者： 九把刀 ,出版信息：  花山文艺出版社 / 2007-1 / 20.00元,https://book.douban.com/subject/1958227/
十年一觉电影梦:李安传,8.2,(9734人评价),作者/译者： 张靓蓓 编著 ,出版信息：  人民文学出版社 / 2007-10 / 38.00元,https://book.douban.com/subject/2275502/
今朝风日好,8.2,(3501人评价),作者/译者： 董桥 ,出版信息：  作家出版社 / 2008-1 / 39.00元,https://book.douban.com/subject/2375972/
神行陌路:叶锦添的新东方主义,8.2,(99人评价),作者/译者： 叶锦添 ,出版信息：  北京美术摄影出版社 / 2013-8 / 59.80,https://book.douban.com/subject/25704614/
重構台灣:當代民族主義的文化政治,8.2,(44人评价),作者/译者： 蕭阿勤 ,出版信息：  聯經出版事業股份有限公司 / 2012-12 / 380NT,https://book.douban.com/subject/20516538/
愛、欲望、出軌的哲學,8.2,(118人评价),作者/译者： 哈洛德．柯依瑟爾（Harald Koisser）、歐依根．馬力亞．舒拉克（Eugen Maria Schulak） ,出版信息：  商周文化事業股份有限公司 / 2007-12-4 / 100.00元,https://book.douban.com/subject/2351866/
绝对小孩,8.2,(8287人评价),作者/译者： 朱德庸 ,出版信息：  上海锦绣文章出版社 / 2007-5 / 28.00元,https://book.douban.com/subject/2123957/
日本蛋糕名店的私藏秘方,8.2,(245人评价),作者/译者： 永瀨正人 / 榮淑樁 ,出版信息：  笛藤出版 / 2003-07-10 / NT160,https://book.douban.com/subject/1563556/
故事,8.2,(1126人评价),作者/译者： 董桥 ,出版信息：  作家出版社 / 2007-2 / 38.00,https://book.douban.com/subject/2025188/
黑暗的明燈:中國現代派與歐洲左翼文藝,8.2,(17人评价),作者/译者： 鄺可怡 ,出版信息：  商務印書館（香港）有限公司 / 2017-8 / HKD 98.00,https://book.douban.com/subject/27115405/
紅樓夢的補天之恨:國族寓言與遺民情懷,8.2,(11人评价),作者/译者： 廖咸浩 ,出版信息：  聯經出版公司 / 2017-7-3 / NTD580,https://book.douban.com/subject/26945184/
蒙馬特遺書,8.2,(1742人评价),作者/译者： 邱妙津 ,出版信息：  印刻出版有限公司 / 2006 / NT200,https://book.douban.com/subject/1891082/
田野的技藝:自我、研究與知識建構,8.2,(22人评价),作者/译者： 郭佩宜／主編、王宏仁／主編 ,出版信息：  左岸文化 / 2019-1-9 / NTD400,https://book.douban.com/subject/30419535/
人在欧洲,8.2,(2836人评价),作者/译者： 龙应台 ,出版信息：  三联书店 / 1997-12 / 7.80元,https://book.douban.com/subject/1273759/
時光列車,8.2,(86人评价),作者/译者： 佩蒂·史密斯(Patti Smith) / 非爾 ,出版信息：  新經典 / 2016-3-26 / NT360元,https://book.douban.com/subject/26728192/
博物館就是劇場,8.1,(16人评价),作者/译者： ,出版信息： 劉婉珍 / 藝術家雜誌社 / 20071001,https://book.douban.com/subject/2978152/
流浪集:也及走路、喝茶与睡觉,8.1,(6376人评价),作者/译者： 舒国治 ,出版信息：  上海人民出版社 / 2010-8 / 26.00元,https://book.douban.com/subject/4208780/
平壤水族馆:我在北韩古拉格的十年,8.1,(955人评价),作者/译者： 姜哲煥、皮耶·李古樂 / 鍾玉玨 ,出版信息：  衛城出版 / 2012-9-5 / NT$300,https://book.douban.com/subject/11637051/
鳄鱼手记,8.1,(3671人评价),作者/译者： 邱妙津 ,出版信息：  广西师范大学出版社 / 2012-8-15 / 32.00元,https://book.douban.com/subject/11527635/
煮海時光:侯孝賢的光影記憶,8.1,(120人评价),作者/译者： 白睿文編訪、朱天文校訂 ,出版信息：  INK印刻出版公司 / 2014-3 / NT$450,https://book.douban.com/subject/25808932/
侯孝賢,8.1,(49人评价),作者/译者： Folivier Assayas 等、龍傑娣 主編 / 林志明 等 ,出版信息：  財團法人國家電影資料館 / 2000 / NT$ 250,https://book.douban.com/subject/1361737/
日軍檔案中出現的平型關大捷,8.1,(19人评价),作者/译者： 姜克實 / 姜克實 ,出版信息：  元華文創股份有限公司 / 2018-10-9 / 480元,https://book.douban.com/subject/30345465/
初夏荷花時期的愛情,8.1,(1317人评价),作者/译者： 朱天心 / INK印刻出版公司 / 2010,出版信息： 01/01 / NT$240,https://book.douban.com/subject/4204153/
浮光,8.1,(445人评价),作者/译者： 吴明益 ,出版信息：  广西师范大学出版社 / 2015-6-1 / 49.8元,https://book.douban.com/subject/26369862/
寻秦记,8.1,(7184人评价),作者/译者： 黄易 ,出版信息：  华艺出版社 / 1997年11月1日 / 138.0,https://book.douban.com/subject/1668021/
論博物館學,8.1,(20人评价),作者/译者： 張婉真 ,出版信息：  典藏 / 20050301 / NT$ 250,https://book.douban.com/subject/1338089/
白垩纪,8.1,(429人评价),作者/译者： 席慕容 ,出版信息：  人民文学出版社 / 2010-9 / 35.00元,https://book.douban.com/subject/4882134/
滨线女儿,8.1,(69人评价),作者/译者： 王聪威 ,出版信息：  上海人民出版社 / 2021-2 / 49.00元,https://book.douban.com/subject/35343002/
好色一代男,8.1,(17人评价),作者/译者： 井原西鶴 / 吳季倫 ,出版信息：  麥田 / 2017-3-2 / NT350,https://book.douban.com/subject/26968887/
文字是肉做的,8.1,(798人评价),作者/译者： 董桥 ,出版信息：  文汇出版社 / 2005-02 / 28.00,https://book.douban.com/subject/1037857/
電影敘事:劇情片中的敘述活動,8.1,(57人评价),作者/译者： David Bordwell / 李顯立 等 ,出版信息：  遠流 / 2003-10-01 / NT$ 600,https://book.douban.com/subject/1360960/
孫逸仙:SunYat-sen,8.1,(53人评价),作者/译者： 白吉爾 / 溫洽溢 ,出版信息：  時報文化 / 2010-06 / 480,https://book.douban.com/subject/4882515/
晚宋朝臣對國是的爭議:理宗時代的和戰、邊防與流民,8.1,(27人评价),作者/译者： 黃寬重 ,出版信息：  國立臺灣大學出版中心 / 1978-12 / NTD80.00,https://book.douban.com/subject/3649895/
二十一世紀資本論:限量精裝版,8.1,(98人评价),作者/译者： Thomas Piketty 托瑪．皮凱提 / 詹文碩、陳以禮 ,出版信息：  衛城 / 2014-11 / NT$670,https://book.douban.com/subject/26012652/
盛世恋:台湾文学短篇小说卷,8.1,(1204人评价),作者/译者： 黄碧云 ,出版信息：  浙江文艺出版社 / 1996 / 15.8,https://book.douban.com/subject/3228088/
簡寫,8.1,(49人评价),作者/译者： 黎紫書 ,出版信息：  寶瓶文化事業有限公司 / 2009-9 / 62.00元,https://book.douban.com/subject/4038504/
書寫與影像:法國思想，在地實踐,8.1,(18人评价),作者/译者： 楊凱麟 ,出版信息：  聯經出版公司 / 2015-10-12 / NT$590,https://book.douban.com/subject/26591603/
腿,8.1,(13人评价),作者/译者： 陳志鴻 ,出版信息：  INK印刻出版公司 / 2006-5-1 / NT180,https://book.douban.com/subject/1808576/
生命是長期而持續的累積:彭明輝談困境與抉擇,8.1,(51人评价),作者/译者： 彭明輝 ,出版信息：  聯經出版社 / 2012-2 / TWD 300,https://book.douban.com/subject/10482345/
香港歌詞導賞,8.0,(37人评价),作者/译者： 黃志華、朱耀偉 ,出版信息：  匯智 / 2009年7月 / 港幣78元,https://book.douban.com/subject/3877171/
厨房里的人类学家,8.0,(6475人评价),作者/译者： 庄祖宜 ,出版信息：  文化艺术出版社 / 2012-12 / 38.00元,https://book.douban.com/subject/4246151/
遇见未知的自己,8.0,(74956人评价),作者/译者： 张德芬 ,出版信息：  华夏出版社 / 2008-1 / 29.00,https://book.douban.com/subject/2340100/
怪物描寫,8.0,(31人评价),作者/译者： ,出版信息： 陳子謙 / 點出版 / 2009-10,https://book.douban.com/subject/4097032/
四代香港人,8.0,(322人评价),作者/译者： ,出版信息： 呂大樂 / 進一步多媒體有限公司 / 2007,https://book.douban.com/subject/2137153/
青蛇,8.0,(5680人评价),作者/译者： 李碧华 ,出版信息：  新星出版社 / 2013-10 / 36.00元,https://book.douban.com/subject/25716761/
英子的乡恋,8.0,(170人评价),作者/译者： 林海音 ,出版信息：  人民文学出版社 / 2013-4 / 29.00元,https://book.douban.com/subject/23009793/
帝国主义,8.0,(28人评价),作者/译者： 汉娜•阿伦特 / 蔡英文 ,出版信息：  联经出版集团有限公司 / 中华民国七十一年 / NT$250.00,https://book.douban.com/subject/3072398/
击壤歌,8.0,(4082人评价),作者/译者： 朱天心 ,出版信息：  广西师范大学出版社 / 2010年2月 / 24.80元,https://book.douban.com/subject/4213445/
列寧的墳墓：一座共產帝國的崩潰（下卷/全兩冊）,8.0,(32人评价),作者/译者： 大衛．雷姆尼克 / 林曉欽 ,出版信息：  八旗文化 / 2014-10-8 / NT $480,https://book.douban.com/subject/26028034/
阿鼻劍(一)---尋覓,8.0,(35人评价),作者/译者： 鄭問 ,出版信息：  時報文化 / 1993年6月1日 / 120元,https://book.douban.com/subject/3121644/
弱水三千:梁文道書話,8.0,(1130人评价),作者/译者： 梁文道 ,出版信息：  UP Publications / 2006 / 港币59元,https://book.douban.com/subject/1831760/
走出政府總部:做個快樂的抗爭者,8.0,(27人评价),作者/译者： 陳雲 ,"出版信息：  花千樹出版有限公司 / Jan, 2010 / $88",https://book.douban.com/subject/4256080/
逆插桃花:怪談繪卷3（小說,8.0,(773人评价),作者/译者： 李碧华 / 天地圖書有限公司 ,出版信息：  2002/2 / 47.00,https://book.douban.com/subject/1762066/
我在MIT燃燒物理魂,8.0,(10人评价),作者/译者： 华尔达·卢文、沃伦·高斯坦 / 蔡承志 ,出版信息：  遠流出版 / 2012-5 / NTD399元,https://book.douban.com/subject/10801187/
61×57,8.0,(467人评价),作者/译者： 王文华 ,出版信息：  上海人民出版社 / 2002-6 / 30.00元,https://book.douban.com/subject/1269393/
我折叠着我的爱,8.0,(581人评价),作者/译者： 席慕蓉 ,出版信息：  作家出版社 / 2010-9 / 18.00元,https://book.douban.com/subject/5301889/
從學生運動到運動學生:民國八年至十八年,8.0,(166人评价),作者/译者： 吕芳上 ,出版信息：  中央研究院近代史研究所 / 1994 / NT$200,https://book.douban.com/subject/2347935/
好书太多，时间太少,8.0,(25人评价),作者/译者： 莎拉．尼爾遜（文）張妙如（圖），譯／施清真 ,出版信息：  台灣商務 / 20041101 / 112.00元,https://book.douban.com/subject/1364101/
大河盡頭（下卷：山）,7.9,(24人评价),作者/译者： 李永平 ,出版信息：  麦田出版 / 2010-9 / NT$460,https://book.douban.com/subject/5355493/
私房話,7.9,(43人评价),作者/译者： ,出版信息： 岡尾美代子 / 布克文化 / NT$250.00,https://book.douban.com/subject/1920284/
一直不鬆手,7.9,(44人评价),作者/译者： 毛尖 ,出版信息：  牛津大學出版社 / 2012-7 / HK$88,https://book.douban.com/subject/11507061/
時空旅行社,7.9,(17人评价),"作者/译者： 菲利士．帕爾馬 Palma, Félix J. / 葉淑吟 / 大塊文化出版股份有限公司 / 2010",出版信息： 06/28 / NT$350,https://book.douban.com/subject/4891114/
橡皮章生活雜貨,7.9,(177人评价),作者/译者： 小間敬子 ,出版信息：  積木文化股份有限公司 / 20060324 / NTD260,https://book.douban.com/subject/1758568/
性史2006:16篇真實性告白:【dala009】,7.9,(29人评价),作者/译者： 大辣編輯部∕著 ,出版信息：  大辣出版 / 2005-12-14 / 定價: NT$250 | 特價: NT$200,https://book.douban.com/subject/1470236/
李敖回忆录,7.9,(1742人评价),作者/译者： 李敖 ,出版信息：  中国友谊出版社 / 2004-08 / 26.00元,https://book.douban.com/subject/1009368/
四喜忧国,7.9,(2541人评价),作者/译者： 张大春 ,出版信息：  广西师范大学出版社 / 2010-10 / 29.80元,https://book.douban.com/subject/5293823/
我们,7.9,(380人评价),作者/译者： 骆以军 ,出版信息：  人民文学出版社 / 2012-6 / 35.00元,https://book.douban.com/subject/10608441/
裙子底下的劇場,7.9,(23人评价),作者/译者： ,出版信息： 上野千鶴子 / 洪金珠 / 時報出版,https://book.douban.com/subject/1831564/
FW:永真急制,7.9,(106人评价),作者/译者： 聶永真 ,出版信息：  自轉星球文化 / 2013-5 / 96.86元,https://book.douban.com/subject/4825365/
銀鹽熱,7.9,(38人评价),作者/译者： 陳傳興 ,出版信息：  行人 / 2009-02 / NT220,https://book.douban.com/subject/3439372/
海水正蓝,7.9,(1478人评价),作者/译者： 张曼娟 ,出版信息：  云南人民出版社 / 2003-01-01 / 18.0,https://book.douban.com/subject/1104557/
香港·文化·研究,7.9,(24人评价),作者/译者： 吳俊雄、呂大樂、馬傑偉 ,出版信息：  香港大學 / 2005 / $120,https://book.douban.com/subject/1477822/
关于上班这件事,7.9,(2678人评价),作者/译者： 朱德庸 ,出版信息：  中信出版社 / 2005-4 / 27.00元,https://book.douban.com/subject/1291610/
玫瑰的故事,7.9,(13809人评价),作者/译者： 亦舒 ,出版信息：  新世界出版社 / 2007-5 / 25.00元,https://book.douban.com/subject/2115040/
永久居留,7.9,(22人评价),作者/译者： ,出版信息： 2009 / NT$ 850,https://book.douban.com/subject/3450198/
質數的孤獨,7.9,(187人评价),作者/译者： 保羅．裘唐諾 / 林玉緒 ,出版信息：  寂寞 / 2009年11月30日 / NT$ 270,https://book.douban.com/subject/4137808/
我，睡了，81个人的沙发,7.9,(5147人评价),作者/译者： 连美恩 ,出版信息：  南方出版社 / 2011-9 / 39.80元,https://book.douban.com/subject/6829323/
台灣為什麼重要?:美國兩岸研究權威寫給全美國人的台灣觀察報告,7.9,(12人评价),作者/译者： 任雪麗 Shelly Riggers / 姚睿 ,出版信息：  貓頭鷹出版社 / 2013-3 / NT330,https://book.douban.com/subject/22992848/
孟老师的100道面包,7.9,(34人评价),作者/译者： ,出版信息： 孟兆慶 / 2007-7 / 168.00元,https://book.douban.com/subject/2370928/
慢慢快活:好想懶惰,7.9,(232人评价),作者/译者： 歐陽應霽 編集 ,出版信息：  大塊文化 / 2006年2月 / 新台币300元,https://book.douban.com/subject/1473957/
我的前半生,7.9,(26998人评价),作者/译者： 亦舒 ,出版信息：  新世界出版社 / 2007-8 / 22.00元,https://book.douban.com/subject/2230208/
龙应台评小说,7.9,(158人评价),作者/译者： 龙应台 ,出版信息：  上海文艺出版社 / 2000-3-1 / 14.40,https://book.douban.com/subject/1202511/
特别的一天:吴念真的人间影像，唯一大陆授权小说集,7.9,(2735人评价),作者/译者： 吴念真 ,出版信息：  江苏文艺出版社 / 2012-5 / 28.00元,https://book.douban.com/subject/10570257/
德勒茲．巴洛克．全球化,7.8,(20人评价),作者/译者： 萬胥亭 ,出版信息：  正港資訊文化事業有限公司 / 2009-03 / 250 TWD,https://book.douban.com/subject/3770078/
承認你的愛,7.8,(93人评价),作者/译者： 卓韻芝 ,出版信息：  明窗出版社 / 2013-2-1 / HK$78,https://book.douban.com/subject/21349790/
臺灣的想像地理:中國殖民旅遊書寫與圖像（1683-1895）,7.8,(32人评价),作者/译者： 鄧津華 (Emma Jinhua Teng) / 楊雅婷 ,出版信息：  國立臺灣大學出版中心 / 2018-1 / NT$400,https://book.douban.com/subject/27606025/
纵横四海,7.8,(1703人评价),作者/译者： 亦舒 ,出版信息：  香港天地图书 / 1994-1 / HKD 45,https://book.douban.com/subject/1484307/
破事儿,7.8,(5660人评价),作者/译者： 彭浩翔 ,出版信息：  国际文化出版公司 / 2009-6 / 22.00,https://book.douban.com/subject/3776157/
面包树出走了:新经典文库,7.8,(7110人评价),作者/译者： 张小娴 ,出版信息：  南海出版公司 / 2002-2 / 14.00元,https://book.douban.com/subject/1082173/
昨日书,7.8,(2293人评价),作者/译者： 马世芳 ,出版信息：  广西师范大学出版社 / 2011-2 / 39.00元,https://book.douban.com/subject/5938219/
如果你愛上一家書店:【網路與書015】,7.8,(379人评价),作者/译者： Lewis Buzbee ,出版信息：  陳體仁 / 網路與書出版 / 2007-12-3,https://book.douban.com/subject/2352480/
文學與神明:饒宗頤訪談錄,7.8,(14人评价),作者/译者： 施議對 ,出版信息：  三聯書店(香港)有限公司 / 2010 / HK$158.00,https://book.douban.com/subject/4838125/
台湾创意百科—广告创作·1,7.8,(19人评价),作者/译者： 杨宗魁 ,出版信息：  湖南美术出版社 / 2000-10-01 / 98,https://book.douban.com/subject/1594609/
像我这样的一个读者,7.8,(530人评价),作者/译者： 西西 ,出版信息：  广西师范大学出版社 / 2016-7 / 42,https://book.douban.com/subject/25922755/
清代西北回民事變:社會文化適應與民族認同的省思,7.8,(31人评价),作者/译者： 張中復 ,出版信息：  聯經出版事業公司 / 2001-6-15 / NT$ 350,https://book.douban.com/subject/1383536/
蔬菜的政治,7.8,(94人评价),作者/译者： 梁秉钧（也斯） ,出版信息：  浙江大学出版社 / 2016-4 / 48.00元,https://book.douban.com/subject/26754914/
殘酷劇場:藝術、電影、戰爭陰影,7.8,(17人评价),作者/译者： 伊恩.布魯瑪(Ian Buruma) / 周如怡 ,出版信息：  紅桌文化 / 2016-11-30 / NT$550,https://book.douban.com/subject/26874461/
面包树上的女人,7.8,(8923人评价),作者/译者： 张小娴 ,出版信息：  北京十月文艺出版社 / 2008-08 / 25.00元,https://book.douban.com/subject/3176771/
十二味生活设计:遇见日本创作大师,7.8,(2982人评价),作者/译者： 林怡芬 ,出版信息：  文化艺术出版社 / 2010-4-1 / 36.00元,https://book.douban.com/subject/4732427/
我们不是天使,7.8,(1984人评价),作者/译者： [加] 亦舒 ,出版信息：  南海出版公司 / 2002-10 / 13.00元,https://book.douban.com/subject/1523834/
浮現中的女同性戀:現代中國的女同性愛欲,7.8,(51人评价),作者/译者： 桑梓蘭 / 王晴鋒 ,出版信息：  臺大出版中心 / 2014-10 / NTD400元,https://book.douban.com/subject/25984499/
我當黑幫老大的一天:一個「流氓社會學家」的第一手調查與親身經歷，比小說還要精采的真實,7.8,(21人评价),作者/译者： 蘇西耶．凡卡德希、Sudhir Venkatesh / 賴盈滿 ,出版信息：  遠流出版事業股份有限公司 / 2009年07月01日 / 300 TWD,https://book.douban.com/subject/3808880/
乳房的歷史:西方的宗教、家庭、政治與資本主義如何建構出乳房神話，及其解放之路,7.7,(20人评价),作者/译者： Marilyn Yalom 瑪莉蓮．亞隆 / 何穎怡 ,出版信息：  麥田出版公司 / 2019-1 / NT$450,https://book.douban.com/subject/30400729/
手卷,7.7,(394人评价),作者/译者： 西西 ,出版信息：  广西师范大学出版社 / 2016-1 / 38.00,https://book.douban.com/subject/25922767/
阅读是最浪漫的教养:一位教养专家给双胞胎女儿的32份浪漫生活清单,7.7,(211人评价),作者/译者： 李伟文、双胞胎AB宝 ,出版信息：  北方妇女儿童出版社 / 2013-3 / 32.80元,https://book.douban.com/subject/21458711/
电光幻影,7.7,(4729人评价),作者/译者： 亦舒 ,出版信息：  新世界出版社 / 2007-8 / 18.00元,https://book.douban.com/subject/2244170/
半饱:生活高潮之所在,7.7,(4340人评价),作者/译者： 欧阳应霁 ,出版信息：  生活·读书·新知三联书店 / 2004-12 / 34.80元,https://book.douban.com/subject/1057601/
台湾念真情,7.7,(3473人评价),作者/译者： 吴念真 ,出版信息：  译林出版社 / 2012-8 / 29.80元,https://book.douban.com/subject/10794355/
月的另一面:一位人類學家的日本觀察,7.7,(74人评价),作者/译者： 李維-史陀 Claude Lévi-Strauss / 廖惠瑛 ,出版信息：  行人 / 2012-1 / NT$280,https://book.douban.com/subject/6984813/
香港模式:從現在式到過去式,7.7,(77人评价),作者/译者： 吕大乐 ,出版信息：  中華書局(香港)有限公司 / 2015-6 / HK$ 98.00,https://book.douban.com/subject/26461119/
荷包里的单人床,7.7,(7457人评价),作者/译者： 张小娴 ,出版信息：  南海出版公司 / 2001-1 / 12.00元,https://book.douban.com/subject/1032945/
阿修罗,7.7,(6517人评价),作者/译者： 亦舒 ,出版信息：  新世界出版社 / 2009-1 / 20.00元,https://book.douban.com/subject/3439437/
漫畫家水木茂:我的每一天,7.7,(42人评价),作者/译者： 水木茂 / 林琬清 ,出版信息：  尖端出版 / 2017-12-13 / NT280,https://book.douban.com/subject/27169872/
神國日本荒謬的決戰生活:一切都是為了勝利！文宣與雜誌如何為戰爭服務？大東亞戰爭下日本的真,7.7,(22人评价),作者/译者： [日]早川忠典 / 鳳氣至純平、許倍榕 ,出版信息：  遠足文化 / 2018-8-8 / NTD 450,https://book.douban.com/subject/30280579/
映畫x音樂,7.7,(55人评价),作者/译者： 羅展鳳 ,出版信息：  三聯書店(香港)有限公司 / 2004-05 / HK$138.00 (~US$17.70),https://book.douban.com/subject/1344429/
这城市,7.7,(583人评价),作者/译者： 藤井树 ,出版信息：  广东汕头大学 / 2005-1-1 / 16.80元,https://book.douban.com/subject/1194476/
潘金莲之前世今生诱僧,7.7,(5150人评价),作者/译者： 李碧华 ,出版信息：  花城出版社 / 2001-5 / 15.00元,https://book.douban.com/subject/1009931/
时光队伍,7.7,(532人评价),作者/译者： 苏伟贞 ,出版信息：  吉林出版集团有限责任公司 / 2010-11 / 28.00元,https://book.douban.com/subject/5355710/
臨終者的孤寂,7.7,(85人评价),"作者/译者： 諾伯特．愛里亞斯 Elias, Norbert / 鄭義愷 ",出版信息：  群學出版有限公司 / 2008-08 / 150 TWD,https://book.douban.com/subject/3243230/
传说,7.7,(647人评价),作者/译者： 朱天文 ,出版信息：  上海译文出版社 / 2010-4 / 29.00元,https://book.douban.com/subject/4282052/
一件T恤的全球經濟之旅:從經濟學家觀點看世界貿易的市場、權力和政治,7.7,(60人评价),"作者/译者： 皮翠拉．瑞沃莉博士（Pietra Rivoli, PhD.） ",出版信息：  洪世民 / 日月文化 / 2006-9-21,https://book.douban.com/subject/1923464/
文化想像與意識形態:當代香港文化政治論評,7.7,(22人评价),作者/译者： ,出版信息： 陳清僑 / 牛津大學出版社 / 1997,https://book.douban.com/subject/1861788/
我这一代香港人,7.6,(1164人评价),作者/译者： 陈冠中 ,出版信息：  中信出版社 / 2013-5-1 / CNY 39.00,https://book.douban.com/subject/24706897/
人淡如菊,7.6,(4131人评价),作者/译者： ,出版信息： （香港）亦舒 / 海天出版社 / 9.80,https://book.douban.com/subject/1038267/
一点旧一点新,7.6,(6419人评价),作者/译者： 亦舒 ,出版信息：  新世界出版社 / 2006-9 / 18.00元,https://book.douban.com/subject/1897413/
创意市集2·玩心大发:伦敦市集13位艺术家/设计师访谈录,7.6,(3267人评价),作者/译者： 王怡颖 ,出版信息：  生活·读书·新知三联书店 / 2007-5 / 28.00元,https://book.douban.com/subject/2036345/
忽爾今夏,7.6,(4140人评价),作者/译者： ,出版信息： 亦舒 / 天地圖書有限公司 / 1988,https://book.douban.com/subject/1499758/
"靠窗的位子,光線剛好。:我在英國皇家藝術學院",7.6,(341人评价),作者/译者： 李瑾倫 / 大塊文化出版股份有限公司 / 2009,出版信息： 01/16 / NT$300,https://book.douban.com/subject/3438645/
逛书架:16开铜板彩印,7.6,(509人评价),作者/译者： 逛书架编辑小组 ,出版信息：  重庆出版社 / 2006-1 / 48.00元,https://book.douban.com/subject/1479190/
三个ACup的女人,7.6,(11968人评价),作者/译者： 张小娴 ,出版信息：  南海出版公司 / 2001-1 / 16.00元,https://book.douban.com/subject/1028780/
我們不懂電影,7.6,(71人评价),作者/译者： ,出版信息： 毛尖 / 牛津大學出版社 / 2013-7,https://book.douban.com/subject/24860790/
桃花流水杳然去:王鼎钧散文别集,7.6,(102人评价),作者/译者： ,出版信息： 王鼎钧 / 商务印书馆 / 2014-5,https://book.douban.com/subject/25820398/
人情·世故,7.6,(3680人评价),作者/译者： 林夕 ,出版信息：  广西师范大学出版社 / 2010-5 / 29.00元,https://book.douban.com/subject/4841303/
两个人住:一切从家徒四壁开始,7.6,(3690人评价),作者/译者： 欧阳应霁 ,出版信息：  生活·读书·新知三联书店 / 2003-09 / 29.00,https://book.douban.com/subject/1011882/
采花贼的地图,7.6,(30人评价),作者/译者： 迈克 ,出版信息：  风中细路 / 1993 / 38。00,https://book.douban.com/subject/1850033/
大人物,7.6,(4792人评价),作者/译者： 古龙 ,出版信息：  珠海出版社 / 2005-8 / 26.00元,https://book.douban.com/subject/1088088/
白玉老虎（上中下）,7.6,(992人评价),作者/译者： 古龙 ,出版信息：  花城出版社 / 1994-12 / 42.80元,https://book.douban.com/subject/1209671/
拜託！不要每個人都一樣,7.6,(129人评价),作者/译者： 曲家瑞 ,出版信息：  方智 / 2006-11-24 / 新台币260元,https://book.douban.com/subject/2033477/
病夫、黃禍與睡獅:「西方」視野的中國形象與近代中國國族論述想像,7.6,(78人评价),作者/译者： 楊瑞松 ,出版信息：  政大出版社 / 2010-9 / NT280,https://book.douban.com/subject/6873694/
开到荼縻,7.6,(7037人评价),作者/译者： （香港）亦舒 ,出版信息：  海天出版社 / 1998-4 / 9.80,https://book.douban.com/subject/1016063/
一個身體兩個人,7.6,(50人评价),作者/译者： 周耀輝 ,出版信息：  亮光文化 / 2015-7 / HK$88,https://book.douban.com/subject/26426955/
吃南瓜的人,7.6,(8017人评价),作者/译者： 亦舒 ,出版信息：  新世界出版社 / 2005-5 / 16.00元,https://book.douban.com/subject/1322066/
你睡不著我受不了,7.5,(3926人评价),作者/译者： 蔡康永 ,出版信息：  平安文化 / 1995-8-17 / NT$ 150,https://book.douban.com/subject/1340986/
卖海豚的女孩:一号多书,7.5,(5283人评价),作者/译者： 张小娴 ,出版信息：  南海出版公司 / 2001-4 / 15.00元,https://book.douban.com/subject/1062235/
我們並不知道:金宇澄散文,7.5,(13人评价),作者/译者： 金宇澄 ,出版信息：  東美出版事業有限公司 / 2017-1-20 / NTD380,https://book.douban.com/subject/26928257/
不乖蔡康永－同情我可以親我,7.5,(2150人评价),作者/译者： 蔡康永 ,出版信息：  商周出版 / 1985 / 160,https://book.douban.com/subject/1685483/
巴黎地鐵上的人類學家,7.5,(72人评价),作者/译者： 馬克·歐杰（Marc Augé） / 周伶芝、郭亮廷 ,出版信息：  行人文化實驗室 / 2014-9 / NT$220,https://book.douban.com/subject/25932128/
蔡康永的說話之道,7.5,(16465人评价),作者/译者： 蔡康永 ,出版信息：  如何出版社有限公司 / 2010-4-29 / TWD 280,https://book.douban.com/subject/4749115/
毛澤東傳:(全四冊),7.5,(55人评价),作者/译者： 鲁林 / 穆蕾 ,出版信息：  香港中文大学出版社 / 2017-7 / 550,https://book.douban.com/subject/26998347/
從地獄到仙境:漢人民間信仰的多元面貌,7.5,(11人评价),作者/译者： 康豹 ,出版信息：  博揚文化事業有限公司 / 2009-12 / NT$450,https://book.douban.com/subject/4232488/
她比烟花寂寞,7.5,(14125人评价),作者/译者： （香港）亦舒 ,出版信息：  海天出版社 / 1996年9月 / 9.80,https://book.douban.com/subject/1030153/
便利店人間,7.5,(510人评价),作者/译者： 村田沙耶香 / 王華懋 ,出版信息：  悅知文化 / 2017-7-27 / NT360,https://book.douban.com/subject/27084032/
清白家风,7.5,(131人评价),作者/译者： 董桥 ,出版信息：  海豚出版社 / 2014-4 / 15.00,https://book.douban.com/subject/7916054/
关于方文山的素颜韵脚诗,7.5,(2942人评价),作者/译者： 方文山 ,出版信息：  作家出版社 / 2007-1 / 25.00元,https://book.douban.com/subject/1958312/
日清、日俄戰爭,7.5,(32人评价),作者/译者： [日]原田敬一 / 徐靜波 ,出版信息：  香港中和出版有限公司 / 2016-4 / HK$ 118.00,https://book.douban.com/subject/26788306/
开到荼蘼,7.5,(12192人评价),作者/译者： 亦舒 ,出版信息：  新世界出版社 / 2007-9 / 18.00元,https://book.douban.com/subject/2284090/
致同代人,7.5,(16人评价),作者/译者： 董启章 ,出版信息：  香港明报 / 2009年6月 / HKD78,https://book.douban.com/subject/3806343/
艺术.自然.自我:克利日记选,7.5,(35人评价),作者/译者： 保罗·克利 / 雨云 ,出版信息：  江苏美术出版社 / 1987-5 / 6.50,https://book.douban.com/subject/2076949/
无爱纪,7.5,(503人评价),作者/译者： 许子东主编 ,出版信息：  上海文艺出版社 / 2006-1 / 24.00元,https://book.douban.com/subject/1491373/
浮城志异:香港小说新选,7.5,(54人评价),作者/译者： 艾晓明编 ,出版信息：  中国人民大学出版社 / 1991 / 7.60,https://book.douban.com/subject/1438698/
物質文化,7.5,(11人评价),作者/译者： Tim Dant / 龚永慧 ,出版信息：  書林出版有限公司 / 2009-9 / TWD300.00,https://book.douban.com/subject/4066115/
想念:张小娴散文精选集,7.5,(2964人评价),作者/译者： 张小娴 ,出版信息：  北京十月文艺出版社 / 2011-6 / 25.00元,https://book.douban.com/subject/6392678/
小S牙套日记,7.4,(1877人评价),作者/译者： 徐熙娣 ,出版信息：  云南民族出版社 / 2003-1 / 20.00元,https://book.douban.com/subject/1082281/
碧血剑,7.4,(9680人评价),作者/译者： 金庸 ,出版信息：  生活.读书.新知三联书店 / 1994-05 / 38.0,https://book.douban.com/subject/1058956/
撼動柏林圍牆:布魯斯．史普林斯汀改變世界的演唱會,7.4,(12人评价),作者/译者： 艾瑞克．克許朋 / 楊久穎 ,出版信息：  時報文化 / 2014-10 / NT $350,https://book.douban.com/subject/26129716/
"慢行。不丹:走進幸福密境,關於愛與慈悲的旅行",7.4,(26人评价),作者/译者： 葉孝忠 ,出版信息：  自由之丘文創 / 2012-3-9 / NT$360,https://book.douban.com/subject/10543658/
"读中文系的人:真是想让你知道,文学是永恒感人的",7.4,(742人评价),作者/译者： 林文月 ,出版信息：  文化艺术出版社 / 2010-12 / 25.00元,https://book.douban.com/subject/5336461/
窗外,7.4,(112人评价),作者/译者： 琼瑶 ,出版信息：  长江文艺出版社 / 2004-7-1 / 22.00元,https://book.douban.com/subject/1083222/
"製造俄羅斯:從戈巴契夫到普丁,近代俄羅斯國家轉型與發展歷程",7.4,(12人评价),作者/译者： 亞凱迪.歐卓夫斯基(Arkady Ostrovsky) / 楊芩雯 ,出版信息：  馬可孛羅文化 / 2017-10-5 / NTD 480,https://book.douban.com/subject/27118514/
微憂:那些無事在台北走路時想起的小事,7.4,(18人评价),作者/译者： 王文娟 ,出版信息：  印刻 / 2010-3 / 72.00元,https://book.douban.com/subject/4714028/
创意能源库:50项私房创意包、50样变身变脑法宝,7.4,(140人评价),作者/译者： 李欣频 ,出版信息：  电子工业出版社 / 2013-6-1 / CNY 32.00,https://book.douban.com/subject/24744995/
傅柯：危險哲學家,7.4,(17人评价),作者/译者： Alain Brossat / 羅惠珍 ,出版信息：  麥田 / 2012-11 / NT300,https://book.douban.com/subject/20366869/
水问,7.4,(109人评价),作者/译者： 简媜 ,出版信息：  台海出版社 / 2019-4 / 42元,https://book.douban.com/subject/33379136/
明暗:源于影像的微琐絮语,7.4,(1158人评价),作者/译者： 马家辉 ,出版信息：  中国人民大学出版社 / 2009-7 / 32.00元,https://book.douban.com/subject/3808684/
毫无代价唱最幸福的歌,7.4,(1646人评价),作者/译者： 林夕 ,出版信息：  重庆出版社 / 2011-7 / 25.00元,https://book.douban.com/subject/6314053/
盛夏光年,7.4,(4318人评价),作者/译者： 王纪尧 ,出版信息：  北方文艺出版社 / 2008-5 / 23.80元,https://book.douban.com/subject/2086633/
死在这里也不错,7.4,(5294人评价),作者/译者： 马家辉 ,出版信息：  生活·读书·新知三联书店 / 2009-4 / 24.80,https://book.douban.com/subject/3410812/
小S之怀孕日记,7.4,(3619人评价),作者/译者： 徐熙娣 ,出版信息：  安徽人民出版社 / 2006-8 / 25.00元,https://book.douban.com/subject/1864849/
波希米亚香港,7.4,(464人评价),作者/译者： 廖伟棠 ,出版信息：  北京大学出版社 / 2011-7-25 / 27.00元,https://book.douban.com/subject/6709852/
胭脂,7.4,(1897人评价),作者/译者： [加] 亦舒 ,出版信息：  南海出版公司 / 2002-10 / 14.00元,https://book.douban.com/subject/1597853/
侠客行,7.4,(13982人评价),作者/译者： 金庸 ,出版信息：  生活·读书·新知三联书店 / 1994-5 / 38.00元,https://book.douban.com/subject/1789842/
當代史學研究的趨勢、方法與實踐:從新文化史到全球史,7.3,(35人评价),作者/译者： 蔣竹山 ,出版信息：  五南 / 2012-2-29 / 450,https://book.douban.com/subject/10559781/
風滿樓,7.3,(1533人评价),作者/译者： ,出版信息： 亦舒 / 香港天地图书,https://book.douban.com/subject/1484313/
《清明上河圖》與北宋城市化,7.3,(19人评价),作者/译者： 薛鳳旋 ,出版信息：  香港中和出版 / 2015-10 / HK$ 168.00,https://book.douban.com/subject/26655806/
天眼红尘,7.3,(13人评价),作者/译者： 钟玲 ,出版信息：  人民文学出版社 / 2011-1 / 22.00元,https://book.douban.com/subject/5950701/
品味四讲,7.3,(1009人评价),作者/译者： 蒋勋 ,出版信息：  长江文艺出版社 / 2017-7 / 48.00元,https://book.douban.com/subject/27085587/
紅線,7.3,(197人评价),作者/译者： 九把刀 / 春天出版國際文化有限公司 / 2007,出版信息： 12/20 / NT$200,https://book.douban.com/subject/4213274/
再錯也要談戀愛,7.3,(3101人评价),作者/译者： 蔡康永 ,出版信息：  聯合文學 / 1996 年11月10日 / 台币180 元,https://book.douban.com/subject/1794333/
夜玫瑰,7.3,(98人评价),作者/译者： 蔡智恒 ,出版信息：  万卷出版公司 / 2010-4 / 24.00元,https://book.douban.com/subject/4734085/
魔法蛋糕店:魔法蛋糕店,7.3,(4843人评价),作者/译者： 张小娴 ,出版信息：  南海出版公司 / 2003-08 / 16.00,https://book.douban.com/subject/1055486/
吻所有女孩,7.3,(814人评价),作者/译者： 亦舒 ,出版信息：  天地圖書 / 2006.05. / 55.00元,https://book.douban.com/subject/1823875/
無聲的要角:蔣介石的侍從室與戰時中國,7.3,(19人评价),作者/译者： 張瑞德 ,出版信息：  臺灣商務印書館 / 2017-12-1 / NTD400,https://book.douban.com/subject/27205552/
中國經學研究的新視野,7.2,(15人评价),作者/译者： 林慶彰 ,出版信息：  萬卷樓圖書公司 / 2013-1 / NTD360,https://book.douban.com/subject/24752443/
心机母女,7.2,(3335人评价),作者/译者： 小S（徐熙娣） ,出版信息：  平裝本出版有限公司 / 2009-8 / 新台币250,https://book.douban.com/subject/3872850/
曾經深愛過:亦舒系列55,7.2,(2027人评价),作者/译者： 亦舒 ,出版信息：  香港天地图书 / 1993 / hkd 49,https://book.douban.com/subject/1499754/
雨水直接打进眼睛：叶青诗集,7.2,(434人评价),作者/译者： 叶青 ,出版信息：  后浪丨四川人民出版社 / 2018-2 / 32.00元,https://book.douban.com/subject/27598780/
大人的旅行記錄法,7.1,(25人评价),作者/译者： 樋口聰 / 陳柏瑤 ,出版信息：  太雅出版有限公司 / 20070510 / NT$199,https://book.douban.com/subject/2125301/
红耳坠,7.1,(509人评价),作者/译者： 李碧华 ,出版信息：  花城出版社 / 2006-1 / 23.00元,https://book.douban.com/subject/1506109/
名剑风流(上下册),7.1,(1509人评价),作者/译者： 古龙 ,出版信息：  珠海出版社 / 2005-08 / 43.0,https://book.douban.com/subject/1089535/
香港三部曲,7.1,(281人评价),作者/译者： 施叔青 ,出版信息：  江苏文艺出版社 / 2010-10-1 / 32.00元,https://book.douban.com/subject/5918943/
痴情司,7.1,(1798人评价),作者/译者： （香港）亦舒 ,出版信息：  海天出版社 / 1998-4 / 9.80,https://book.douban.com/subject/1055183/
Milly的京都私路,7.1,(88人评价),作者/译者： Milly ,出版信息：  繆思 / 2007年06月28日 / 340,https://book.douban.com/subject/2146412/
画中有话:近代中国的视觉表述与文化构图,7.1,(52人评价),作者/译者： 黄克武 ,出版信息：  中央研究院近代史研究所 / 民国92年12月 / 新台币500元,https://book.douban.com/subject/1917471/
也斯看香港,7.1,(138人评价),作者/译者： 也斯 ,出版信息：  花城出版社 / 2011-7 / 28.00元,https://book.douban.com/subject/6527067/
穿越仇恨的黑暗,7.1,(36人评价),作者/译者： 北岛 ,出版信息：  国际文化出版社 / 2005-01 / 29.80,https://book.douban.com/subject/1007880/
江湖夜雨十年灯（上下）,7.0,(76人评价),作者/译者： 诸葛青云 ,出版信息：  花山文艺出版社 / 1989年6月 / 8.10,https://book.douban.com/subject/3053420/
红颜露水,7.0,(5611人评价),作者/译者： 张小娴 ,出版信息：  北京十月文艺出版社 / 2007-5 / 18.00元,https://book.douban.com/subject/2060432/
民族的世界地圖,7.0,(15人评价),作者/译者： 21世紀研究會 / 張明敏、黃仰雯 ,出版信息：  時報 / 2002 / NT 230,https://book.douban.com/subject/1389928/
原来你非不快乐（修订版）,7.0,(268人评价),作者/译者： 林夕 / 新经典文化 ,出版信息：  四川文艺出版社 / 2016-11 / 39.50元,https://book.douban.com/subject/26789695/
文学不死,7.0,(85人评价),作者/译者： 白先勇 ,出版信息：  译林出版社 / 2019-7 / 46,https://book.douban.com/subject/34650272/
风中的费洛蒙,6.9,(2282人评价),作者/译者： 陈升 ,出版信息：  华文出版社 / 2010-12 / 28.00元,https://book.douban.com/subject/5416544/
爱尔兰咖啡,6.9,(18267人评价),作者/译者： 蔡智恒 ,出版信息：  知识出版社 / 2001-3 / 14.80元,https://book.douban.com/subject/1062326/
心,6.9,(26人评价),作者/译者： 董啟章 ,出版信息：  聯經 / 2016-1-29 / NT$360,https://book.douban.com/subject/26706405/
35種健康米飯煮法,6.9,(16人评价),作者/译者： 張瑞文 ,出版信息：  楊桃 / 20050301 / NT$ 125,https://book.douban.com/subject/1347966/
成為黃種人:來自人類學、醫學和文化學的研究，一部東亞人由白變黃的歷史,6.9,(66人评价),作者/译者： 奇邁可(Michael Keevak) / 吳緯疆 ,出版信息：  八旗文化 / 2015-4-1 / NT$320,https://book.douban.com/subject/26320479/
青花瓷,6.9,(1318人评价),作者/译者： 方文山 ,出版信息：  作家出版社 / 2008-9 / 29.00元,https://book.douban.com/subject/3205286/
曼陀罗,6.8,(1556人评价),作者/译者： ,出版信息： 亦舒 / 香港天地图书 / 1982,https://book.douban.com/subject/1484312/
星星·月亮·太阳,6.8,(19人评价),作者/译者： (香港)徐速 ,出版信息：  中国友谊出版公司 / 1985年8月 / 3.00,https://book.douban.com/subject/3695439/
亲爱的风流人物:58位港台妙人素描,6.8,(21人评价),作者/译者： 李怀宇 ,出版信息：  南方日报出版社 / 2004-1 / 20.00元,https://book.douban.com/subject/1190471/
劫後「天堂」:抗戰淪陷後的蘇州城市生活,6.7,(41人评价),作者/译者： 巫仁恕 ,出版信息：  國立臺灣大學出版中心 / 2017-7-24 / NTD320,https://book.douban.com/subject/27087970/
史丹利一定要热血,6.7,(181人评价),作者/译者： 史丹利 ,出版信息：  上海世纪出版集团 / 2008-9 / 18.00元,https://book.douban.com/subject/3212122/
我开始轻视语言,6.7,(1166人评价),作者/译者： 张家瑜 ,出版信息：  新星出版社 / 2012-10 / 29.50元,https://book.douban.com/subject/19967508/
台湾小吃料理王,6.7,(17人评价),作者/译者： 張國榮、曾文燦 ,出版信息：  二魚文化 / 2004-03-31 / TWD300.00,https://book.douban.com/subject/3708296/
下午茶话题,6.6,(914人评价),作者/译者： 朱天文、朱天心、朱天衣 ,出版信息：  龙门书局 / 2010-8 / 28.00元,https://book.douban.com/subject/5043509/
去台北,6.6,(168人评价),作者/译者： 夏雨清  主编 / 世纪文景,出版信息： 上海人民出版社 / 2016-5 / 49.00元,https://book.douban.com/subject/26797994/
方道·文山流,6.5,(583人评价),作者/译者： 方文山 ,出版信息：  湖南文艺出版社 / 2010-1 / 29.80元,https://book.douban.com/subject/4221077/
香港骑士:曾荫权,6.5,(45人评价),作者/译者： 海棠 ,出版信息：  长江出版社 / 2005-6 / 19.8,https://book.douban.com/subject/1409237/
文化人何苦为难文化人,6.4,(123人评价),作者/译者： 林奕华 ,出版信息：  广西师大出版社 / 2013-10 / 26.00,https://book.douban.com/subject/25750945/
吃好，喝好，日子过好,6.3,(128人评价),作者/译者： ,出版信息： ,https://book.douban.com/subject/34098734/
英、日語同步Anki自學法:我是靠此神器，最短時間通過日檢N1、多益975分,6.3,(56人评价),作者/译者： 簡群 (Chun Norris) ,出版信息：  晨星出版有限公司 / 2017-1-12 / NT$320,https://book.douban.com/subject/26960415/
弃的故事,6.3,(138人评价),作者/译者： 骆以军 ,出版信息：  理想国 | 广西师范大学出版社 / 2016-11 / 36.00元,https://book.douban.com/subject/26671816/
太后與我:原作擬名《穢亂清宮》,6.0,(122人评价),作者/译者： 埃蒙德‧巴恪思 / 王笑歌 ,出版信息：  新世紀出版社 / 2011-4 / HK$138,https://book.douban.com/subject/6082448/
这个人必须也很爱电影,5.9,(218人评价),作者/译者： 林奕华 ,出版信息：  广西师范大学出版社 / 2013-10 / 28.00,https://book.douban.com/subject/25750161/
明星教给我的那些事,5.5,(151人评价),作者/译者： 林奕华 ,出版信息：  广西师大出版社 / 2013-10 / 32.00,https://book.douban.com/subject/25750941/
雪天使,5.4,(35人评价),作者/译者： 严云农 ,出版信息：  作家出版社 / 2005-01 / 16.00,https://book.douban.com/subject/1036262/
白玉雕龙,5.1,(250人评价),作者/译者： ,出版信息： 古龙、申碎梅 / 珠海出版社 / 25.00元,https://book.douban.com/subject/10537493/
中日韓國民性格,4.7,(14人评价),作者/译者： ,出版信息： 金文學 / 2011-7 / $78,https://book.douban.com/subject/6809502/
一面追風，一面追問:大陸近二十年書業與人物的軌跡,0.0,(少于10人评价),作者/译者： 俞曉群 ,出版信息：  網路與書出版 / 2008-7 / TWD 240,https://book.douban.com/subject/3231010/
这一切都是因为我想死,0.0,(少于10人评价),作者/译者： 张亚辉 ,出版信息：  創意年代 / 2006.10.11 / NT250 元,https://book.douban.com/subject/2040043/
認識分子廚藝:顛覆傳統美食體驗的料理革命:顛覆傳統美食體驗的料理革命,0.0,(少于10人评价),"作者/译者： 艾維．提斯 This, Hervé / 蒲欣珍、梁曼嫻 / 積木文化股份有限公司 / 2010",出版信息： 01/19 / NT$350,https://book.douban.com/subject/4277990/
MinimalistHomes,0.0,(少于10人评价),作者/译者： Steve Leung ,出版信息：  Archiworld / 2001-06-01 / USD 25.00,https://book.douban.com/subject/1603092/
精神分析的發展,0.0,(少于10人评价),作者/译者： 費倫齊、巒克 / 吳阿瑾、吳阿城 ,出版信息：  远流出版公司 / 20050201 / NT$ 320,https://book.douban.com/subject/1369508/
北宋黨爭研究,0.0,(12人评价),作者/译者： 羅家祥 / 文津出版社 / 1993,出版信息： 12/17 / CNY267.00,https://book.douban.com/subject/4171545/
中國研究的規範認識危機:論社會經濟史中的悖論現象,0.0,(10人评价),作者/译者： 黃宗智 ,出版信息：  香港牛津大学出版社 / 1994 / HKD280元,https://book.douban.com/subject/4315705/
海東青(新版),0.0,(11人评价),作者/译者： 李永平 ,出版信息：  聯合文學 / 2006-3-27 / 800NT,https://book.douban.com/subject/2062898/
五十年來的經學研究（1950-2000）,0.0,(少于10人评价),作者/译者： ,出版信息： 林慶彰 / 學生書局 / 2003-05,https://book.douban.com/subject/5283211/
从零开始,0.0,(少于10人评价),作者/译者： ,出版信息： 黄丽玲 / $25.50,https://book.douban.com/subject/4217241/
巴利學引論:早期印度佛典語言與佛教文獻之研究,0.0,(少于10人评价),作者/译者： 蔡奇林 ,出版信息：  臺灣學生書局 / 2008-9 / NT 600.00元,https://book.douban.com/subject/4150695/
阿寶靚湯3:美人湯孕婦湯42品,0.0,(少于10人评价),作者/译者： 曾寶儀、寶媽 ,出版信息：  平裝本出版有限公司 / 2004 / NT$280,https://book.douban.com/subject/3891525/
流動的疆域:全球視野下的雲南與中國,0.0,(少于10人评价),作者/译者： 楊斌 / 韓翔中 ,出版信息：  八旗文化 / 2021-5-12 / NTD 600,https://book.douban.com/subject/35450887/
胡塞爾《幾何學的起源》導引,0.0,(少于10人评价),作者/译者： 德希達，譯／錢捷 ,出版信息：  桂冠圖書股份有限公司 / 2005-8-1 / NT$ 250,https://book.douban.com/subject/1347898/
四季養生藥膳,0.0,(少于10人评价),作者/译者： 三采文化/編著 ,出版信息：  三采 / 2002年 / 249元,https://book.douban.com/subject/3891195/
清代的國際貿易:白銀流入、貨幣危機和晚清工業化,0.0,(少于10人评价),作者/译者： 李隆生 ,出版信息：  秀威資訊 / 2010-1 / 152.00元,https://book.douban.com/subject/4259941/
史元：十九世紀歐洲的歷史意象（上）,0.0,(少于10人评价),作者/译者： 海登懷特 / 劉世安 ,出版信息：  城邦（麥田） / 1999-12-3 / NT$ 300,https://book.douban.com/subject/1367134/
憂傷藍花:Theblueflower,0.0,(少于10人评价),作者/译者： 蓓納蘿．費茲吉羅 Penelope Fitzgerald / 陳蒼多 ,出版信息：  新雨出版社（TW) / 2002年05月15日 / 240,https://book.douban.com/subject/2162279/
和魂漢神:中國民間信仰在德川日本的在地化,0.0,(少于10人评价),作者/译者： 吳偉明 ,出版信息：  香港中文大學出版社 / 2020-12 / USD 20.00,https://book.douban.com/subject/35224388/
日正當中:日正當中1917-1927,0.0,(少于10人评价),作者/译者： 江勇振 ,出版信息：  聯經出版社 / 2013-11 / NT$950,https://book.douban.com/subject/25732813/
從拓跋到北魏:北魏王朝創建歷史的考察,0.0,(少于10人评价),作者/译者： 張繼昊 / 稻鄉出版社 / 2003,出版信息： 12/1 / NT 320,https://book.douban.com/subject/3242026/
揭开星盘之谜,0.0,(12人评价),作者/译者： [英 ] Frank C. Clifford 法兰克.柯利佛 / 陈燕慧、冯少龙 ,出版信息：  商周出版社 / 2017-12-26 / 650,https://book.douban.com/subject/30287990/
清代中韓關係史論集‧卷一,0.0,(少于10人评价),作者/译者： 張存武 ,出版信息：  秀威資訊科技股份有限公司 / 2021-5 / NT$490,https://book.douban.com/subject/35453577/
形塑歷史:政治變遷如何被敘述,0.0,(少于10人评价),作者/译者： 茉莉·安德鲁斯（Molly Andrews） / 陳巨擘 ,出版信息：  聯經出版事業股份有限公司 / 2015-4 / NT$300,https://book.douban.com/subject/26331121/
海外黑名單相關人物訪談錄,0.0,(少于10人评价),"作者/译者： 歐素瑛, 林正慧, 黃翔瑜訪問記錄 ",出版信息：  國史館 / 2014-12 / 新台幣 450元,https://book.douban.com/subject/26268901/
戰亂與革命中的東北大學,0.0,(少于10人评价),作者/译者： 張在軍 ,出版信息：  時報文化 / 2015-5 / NT$550,https://book.douban.com/subject/26379189/
寫給每個人的基本收入讀本:從基本收入出發，反思個人工作與生活的意義，以及如何讓社會邁向擁有,0.0,(10人评价),作者/译者： 蓋伊.史坦丁（Guy Standing） / 陳儀 ,出版信息：  臉譜 / 2018-4-12 / TWD. 400,https://book.douban.com/subject/30201779/
洋人汉话:中文改變的十七段西方人生,0.0,(少于10人评价),作者/译者： 周質平 編 ,出版信息：  楊玖 / 香港中文大学出版社 / 2020-7,https://book.douban.com/subject/35096285/
台灣戰後經濟發展的源起:後進發展的為何與如何,0.0,(少于10人评价),作者/译者： 瞿宛文 ,出版信息：  聯經出版公司 / 2017-1-25 / NTD720,https://book.douban.com/subject/26953908/
光环与阴影:黄春光、胡生、金靖宇、李卫平、柯马凯口述史,0.0,(少于10人评价),作者/译者： 米鹤都 ,出版信息：  中港传媒出版社 / 2013-7-1 / HKD110,https://book.douban.com/subject/26086351/
"老祖母的家傳食譜:收藏十三國的家常食滋味,來自食物的鄉愁是心頭最入味的美饌",0.0,(少于10人评价),作者/译者： 袁皖君 ,出版信息：  自由之丘文創 / 2012-4-18 / 380元新台币,https://book.douban.com/subject/10739621/
香港性別論述:從屬．不公．差異．越界,0.0,(少于10人评价),作者/译者： 陳潔華、王惠玲 ,出版信息：  牛津大學－中文 / 2004 / NT$ 600,https://book.douban.com/subject/1349600/
新自由主義下的香港治理:空間、尺度與策略,0.0,(少于10人评价),作者/译者： 藍逸之 ,出版信息：  政大出版社 / 2014-6 / NT$540,https://book.douban.com/subject/25885914/
「樣板戲」的政治美學,0.0,(少于10人评价),作者/译者： 李松 ,出版信息：  秀威出版(秀威資訊) / 2013-4-18 / 450新台币,https://book.douban.com/subject/24878121/
後殖民理性批判:邁向消逝當下的歷史,0.0,(少于10人评价),作者/译者： 史碧華克 (Gayarti Chakravorty Spivak) / 張君玫 ,出版信息：  群學 / 2006 / 600 TWD,https://book.douban.com/subject/3586816/
「內向世代」小說選:日本現代文學對性的探討,0.0,(少于10人评价),作者/译者： 小川國夫、後藤明生、黑井千次、阿部昭、阪上弘、古井由吉 / 李永熾 ,出版信息：  萬象 / 1993-1 / 85.00,https://book.douban.com/subject/10538442/
幸福非必然,0.0,(少于10人评价),作者/译者： 馬家輝、梁文道、邵家臻、鄧明儀、趙來發、程翠雲、葉兆輝 等 / 經世文化 ,出版信息：  2008/7 / HK$58.00,https://book.douban.com/subject/3526341/
臺灣人文出版社30家,0.0,(少于10人评价),作者/译者： 封德屏主編 ,出版信息：  文訊雜志社 / 2008年12月 / 定價450元,https://book.douban.com/subject/3590723/
郎咸平帶你重讀經典資本論與國富論,0.0,(少于10人评价),作者/译者： ,出版信息： 郎咸平、楊瑞輝 / 高寶 / 2013-3-6,https://book.douban.com/subject/23070894/
夢想晚典名,0.0,(18人评价),作者/译者： 陳漢典 ,出版信息：  平裝本出版有限公司 / 2012-12 / 112.00元,https://book.douban.com/subject/20470126/
伊能嘉矩・臺灣地名辭書,0.0,(目前无人评价),作者/译者： 伊能嘉矩 / 吳密察 ,出版信息：  大家出版 / 2021-1-27 / NTD650,https://book.douban.com/subject/35327655/
馬克思主義主要流派:興起、發展與崩解,0.0,(少于10人评价),作者/译者： Leszek Kolakowski / 馬元德、孫均島、劉本鑒、劉旭文、張金言、高銛、吳永福 ,出版信息：  聯經 / 2018-1-8 / NT$2900,https://book.douban.com/subject/27591846/
賢明時代,0.0,(12人评价),作者/译者： 李渝 ,出版信息：  麥田出版公司 / 2005年06月24日 / NT$ 240,https://book.douban.com/subject/1336918/
歷史.要教什么?-英.美歷史教育的爭議,0.0,(少于10人评价),作者/译者： 林慈淑 ,出版信息：  台湾学生书局 / 2010 / 232.00元,https://book.douban.com/subject/10547870/
浮士德博士（德文直譯＋導讀譯注本）:一位朋友敘述的德國作曲家阿德里安．雷維庫恩的生平,0.0,(13人评价),作者/译者： 托瑪斯．曼 Thomas Mann / 彭淮棟 ,出版信息：  漫步文化 / 2015-1-28 / NT$799,https://book.douban.com/subject/26304340/
想像和界限:臺灣語言文體的混生,0.0,(少于10人评价),作者/译者： 陳培豐 ,出版信息：  群學出版有限公司 / 2013-8-20 / NT$400,https://book.douban.com/subject/25700547/
漢人在邊疆,0.0,(少于10人评价),作者/译者： 藍美華 ,出版信息：  政大出版社 / 2014-11 / NTD 360.00,https://book.douban.com/subject/26310792/
中論:中國佛教經典寶藏精選白話版,0.0,(13人评价),作者/译者： 龍樹菩薩、韓廷傑 / 鳩摩羅什、韓廷傑 ,出版信息：  佛光文化事業有限公司 / 1997-4 / NTD 200.00,https://book.douban.com/subject/5999041/
唐代宮廷防衛制度研究:附論後宮制度與政治,0.0,(目前无人评价),作者/译者： 羅彤華 ,出版信息：  元華文創 / 2021-5-12 / NT580,https://book.douban.com/subject/35454588/
佛教与儒教,0.0,(目前无人评价),作者/译者： 荒木見悟 / 廖肇亨 译注 ,出版信息：  联经出版事业股份有限公司 / 2017 / 新臺幣 520元,https://book.douban.com/subject/27008906/
人類學好野:關於人類的，我都想學,0.0,(10人评价),作者/译者： 香港中文大學人類學系學者 ,出版信息：  蜂鳥出版 / 2020-5 / HKD118,https://book.douban.com/subject/35084266/
女人的中国医疗史:汉唐之间的健康照顾与性别,0.0,(少于10人评价),作者/译者： ,出版信息： 李贞德 / 浙江古籍出版社 / 2021-5,https://book.douban.com/subject/35358167/
历久常新:旗袍的变奏,0.0,(少于10人评价),作者/译者： 萧丽娟、梁洁玲、翁怡 ,出版信息：  香港历史博物馆 / 2011 / HKD150,https://book.douban.com/subject/26655902/
漢末士風與建安詩風,0.0,(少于10人评价),作者/译者： 孫明君 / 文津出版社 / 1995,出版信息： 01/01 / 80.00元,https://book.douban.com/subject/4925065/
征服的時代:從亞歷山大到哈德良的希臘世界,0.0,(少于10人评价),作者/译者： 安傑羅.查尼歐提斯(Angelos Chaniotis) / 黃楷君 ,出版信息：  馬可孛羅文化 / 2021-1-7 / NTD 800,https://book.douban.com/subject/35218363/
化家為國:清代中期內務府的官僚體制,0.0,(少于10人评价),作者/译者： 黃麗君 ,出版信息：  國立臺灣大學出版中心 / 2020-5 / NT$550,https://book.douban.com/subject/35087277/
清代學術思想史:上冊,0.0,(目前无人评价),作者/译者： 張麗珠 ,出版信息：  五南 / 2021-2-26 / 650新台幣,https://book.douban.com/subject/35390858/
完全圖解日本城入門,0.0,(10人评价),作者/译者： 小和田哲男 / 任鈞華 ,出版信息：  遠流出版事業股份有限公司 / 2011-6-1 / NTD280元,https://book.douban.com/subject/6433089/
台湾人意象:凝视与再现，香港与大陆影视中的台湾人,0.0,(目前无人评价),作者/译者： ,出版信息： 倪炎元 / 时报出版 / 2021-4,https://book.douban.com/subject/35444201/
達爾文進城來了:新物種誕生！都市叢林如何驅動演化？,0.0,(少于10人评价),作者/译者： 曼諾‧許特惠森 ,出版信息：  陸維濃、林大利（審定） / 臉譜 / 2020-7,https://book.douban.com/subject/35116912/
地名的世界地圖,0.0,(10人评价),作者/译者： 21世紀研究會 / 洪郁如 ,出版信息：  時報 / 2002 / NT 250,https://book.douban.com/subject/1389929/
近代中國史綱（重排本）,0.0,(少于10人评价),作者/译者： 郭廷以 ,出版信息：  香港中文大學出版社 / 2018-12 / US$28.00,https://book.douban.com/subject/30332759/
殖民地臺灣之青年團與地域變貌(1910-1945),0.0,(目前无人评价),作者/译者： 宮崎聖子 / 郭婷玉 ,出版信息：  臺大出版中心 / 2019-3 / NT$460,https://book.douban.com/subject/30449483/
日本政治史:以外交與權力的雙重視角，解讀從幕府到冷戰的關鍵歷史,0.0,(少于10人评价),作者/译者： 北岡伸一 / 周俊宇、張智程、陳柏傑 ,出版信息：  麥田 / 2018-11-3 / NT$480,https://book.douban.com/subject/30341116/
「去日本化」「再中國化」:戰後臺灣文化重建(1945-1947),0.0,(12人评价),作者/译者： 黃英哲 ,出版信息：  麥田出版公司 / 2017-8-3 / NT$360,https://book.douban.com/subject/27072582/
課綱中的中國與東亞史:從國家社會、人群交流到邁向現代的歷程,0.0,(少于10人评价),作者/译者： 葛兆光、馬場公彥、王明珂、梁其姿、林冠群、陳國棟、呂實強、陳豐祥、王汎森、張玉法、呂芳上、藍適齊 ,出版信息：  林桶法 / 台灣商務印書館 / 2020-12,https://book.douban.com/subject/35266326/
凝視時代:日治時期臺灣的寫真館,0.0,(少于10人评价),作者/译者： 簡永彬 ,出版信息：  左岸文化 / 2019-6-26 / NTD 450,https://book.douban.com/subject/34848913/
同性戀性史,0.0,(少于10人评价),作者/译者： 劉達臨 ,出版信息：  柏室科技藝術股份有限公司 / 2005年06月03日 / NT$ 499,https://book.douban.com/subject/1333579/
島嶼浮世繪:日治臺灣的大眾生活(增訂新版),0.0,(少于10人评价),作者/译者： ,出版信息： 蔣竹山 / 蔚藍文化 / 2021-1,https://book.douban.com/subject/35308287/
飲食與愛情:東方與西方的文化史,0.0,(少于10人评价),作者/译者： 傑克·顧迪（Jack Goody） / 楊惠君 ,出版信息：  聯經 / 2004-06-01 / NT$ 350,https://book.douban.com/subject/1356389/
扭曲的正義:檢察官面對的殘酷真相，走向崩潰的檢警與媒體,0.0,(少于10人评价),作者/译者： ,出版信息： 吳忻穎 / 聯經 / 2021-3-4,https://book.douban.com/subject/35343614/
武俠電影與香港現代性,0.0,(少于10人评价),作者/译者： 葉曼丰 / 譚以諾 ,出版信息：  手民出版社 / 2020-10 / HK$148,https://book.douban.com/subject/35219698/
离散者的中国民族主义:华裔学者赵穗生、郑永年面对中国的身份策略,0.0,(少于10人评价),作者/译者： ,出版信息： 郭佳佳 / 台湾大学政治学系中国大陆暨两岸关系教学与研究中心 / 2008,https://book.douban.com/subject/24858406/
太虛時代:多維視角下的民國佛教（1912-1949）,0.0,(少于10人评价),作者/译者： 侯坤宏 ,出版信息：  政大出版社 / 2018-9 / NTD580,https://book.douban.com/subject/30351586/
近世中國的輿論社會:王汎森院士講座實錄,0.0,(少于10人评价),作者/译者： ,出版信息： 王汎森 / 國立中央大學出版中心 / 2020-9,https://book.douban.com/subject/35219071/
博物學家的自然創世紀:亞歷山大・馮・洪堡德用旅行與科學丈量世界，重新定義自然,0.0,(少于10人评价),作者/译者： 安德列雅・沃爾芙 / 陳義仁 ,出版信息：  果力文化 / 2016-9 / TWD 499.00,https://book.douban.com/subject/26865733/
樓鳳，性淘金產業大揭密:警察帶路，立馬看懂江湖規矩，菜雞一夜成為老司機，乖乖女聽懂所有men,0.0,(少于10人评价),作者/译者： 張榮哲 ,出版信息：  任性出版 / 2021-2-25 / NTD340,https://book.douban.com/subject/35353442/
三国政区地理研究（上、下册）:古代历史文化研究辑刊八编之一,0.0,(少于10人评价),作者/译者： ,出版信息： 孔祥军 / 花木兰出版社 / 2012-9,https://book.douban.com/subject/20259463/
邊境,0.0,(11人评价),作者/译者： 沃伊切赫.古瑞茨基(Wojciech Górtcki) / 粘肖晶 ,出版信息：  允晨文化 / 2014-2-5 / 新台幣350元,https://book.douban.com/subject/25808970/
布萊森之英文超正典:Bryson'sDictionaryofTroublesomeWords,0.0,(少于10人评价),作者/译者： ,"出版信息： 比爾．布萊森 Bryson, Bill / 天下遠見出版股份有限公司",https://book.douban.com/subject/3178165/
重訪保安村:漢人民間信仰的社會學研究,0.0,(少于10人评价),作者/译者： 丁仁傑 ,出版信息：  聯經出版公司 / 2013-6 / NTD 680.00,https://book.douban.com/subject/24720415/
創造歷史:社會理論中的行動、結構與變遷,0.0,(少于10人评价),作者/译者： 艾力克斯·柯林尼可斯（Alex Callinicos ） / 國立編譯館、萬毓澤 ,出版信息：  群學出版有限公司 / 2007-09 / 450 TWD,https://book.douban.com/subject/3129971/
交會的所在:追尋亞美尼亞人的蹤跡,0.0,(少于10人评价),作者/译者： 菲利普⋅馬斯登(Philip Marsden) / 鄭明華 ,出版信息：  馬可孛羅文化 / 2018-7 / NT$500,https://book.douban.com/subject/30251642/
新編石頭記脂硯齋評語輯校,0.0,(少于10人评价),作者/译者： [法] 陈庆浩 ,出版信息：  聯經 / 2011-3 / NT$1200,https://book.douban.com/subject/11444756/
數位人文要義：尋找類型與軌跡,0.0,(少于10人评价),作者/译者： 項潔 編 ,出版信息：  國立台灣大學出版社 / 2012-11-20 / NT400,https://book.douban.com/subject/20473642/
韓國朝鮮時期詩經學研究,0.0,(少于10人评价),作者/译者： 金秀炅 ,出版信息：  萬卷樓圖書公司 / 2013-1 / NTD360,https://book.douban.com/subject/24753621/
從新馬到韋伯,0.0,(少于10人评价),作者/译者： 丁学良 ,出版信息：  聯經出版事業股份有限公司 / 1992 / 280元,https://book.douban.com/subject/2269198/
陳寅恪之史學,0.0,(少于10人评价),作者/译者： ,出版信息： 李玉梅 / 三聯書店(香港)有限公司 / 1998,https://book.douban.com/subject/2268630/
二十世紀的巴黎,0.0,(16人评价),作者/译者： 儒勒·凡尔纳(Jules Verne) / 蔡孟貞 ,出版信息：  小知堂文化 / 1997-01-15 / NT$ 220,https://book.douban.com/subject/1903176/
情色朝鮮:那些被迫忍受、壓抑的韓國近代性慾實錄,0.0,(19人评价),作者/译者： 朴永圭 / 徐小為 ,出版信息：  PCuSER電腦人文化 / 2020-6-13 / NTD 460,https://book.douban.com/subject/35086548/
少女革命:文化與時尚的百年進化史,0.0,(12人评价),作者/译者： 施舜翔 ,出版信息：  八旗文化 / 2016-6-1 / NT$350,https://book.douban.com/subject/26789091/
論美，論愛：柏拉圖《費德羅篇》譯註:柏拉圖《費德羅篇》譯註,0.0,(10人评价),作者/译者： [古希臘] 柏拉圖 / 孫有蓉 ,出版信息：  商周出版公司 / 2017-7-29 / NT$380,https://book.douban.com/subject/27096033/
黑太陽:抑鬱症與憂鬱,0.0,(少于10人评价),作者/译者： ,出版信息： 克里斯德瓦(Julia Kristeva) / 遠流出版事業股份有限公司 / 2008-9-12,https://book.douban.com/subject/3240038/
令我討厭的涂爾幹的《社會分工論》,0.0,(少于10人评价),作者/译者： ,出版信息： 孫中興 / 群學 / 2008年10月13日,https://book.douban.com/subject/3399077/
欺矇的戰略（StratégiedelaDéception）,0.0,(少于10人评价),作者/译者： 保羅‧維希留（Paul Virilio） ,出版信息：  陳惠敏、蕭旭智 / 麥田 / 2004年,https://book.douban.com/subject/2028345/
臺灣最好的時刻，1977-1987:民族記憶美麗島,0.0,(少于10人评价),作者/译者： 吳乃德 ,出版信息：  春山出版 / 2020-3 / TWD 380,https://book.douban.com/subject/34972943/
為什麼哲學思考？:法國哲學家利歐塔給大一學生的四堂講課,0.0,(目前无人评价),作者/译者： 讓．弗朗索瓦．利歐塔 / 郭恩慈 ,出版信息：  拉闊文化有限公司 / 2021-3 / NTD425,https://book.douban.com/subject/35386719/
與歷史對話:二十世紀中國對越王勾踐的敘述,0.0,(少于10人评价),作者/译者： [美国] 柯文 / 董鐵柱 ,出版信息：  中華書局(香港)有限公司 / 2021-2-19 / 138,https://book.douban.com/subject/35376098/
青天白日旗下民國海軍的波濤起伏（1912-1945）,0.0,(少于10人评价),作者/译者： 金智 ,出版信息：  時報文化 / 2015-5 / NT$660,https://book.douban.com/subject/26393859/
打开设计师的创意百宝箱,0.0,(少于10人评价),作者/译者： 書籍編集部 ,出版信息：  台湾博硕文化出版 / 2009年10月 / 212,https://book.douban.com/subject/4227617/
從威權邁向開放民主:臺灣民主化關鍵歷程(1988-1993),0.0,(少于10人评价),作者/译者： 宋楚瑜、方鵬程 ,出版信息：  商周 / 2019-3-21 / 580,https://book.douban.com/subject/30429950/
民國時期經學與經學家研究,0.0,(目前无人评价),作者/译者： ,出版信息： 林慶彰 / 萬卷樓圖書 / 2020-10,https://book.douban.com/subject/35268682/
歌唱臺灣:連續殖民下臺語歌曲的變遷,0.0,(少于10人评价),作者/译者： 陳培豐 ,出版信息：  衛城出版 / 2020-12-9 / NTD480,https://book.douban.com/subject/35268705/
葉公超的兩個世界:從艾略特到杜勒斯,0.0,(少于10人评价),作者/译者： 湯晏 ,出版信息：  衛城 / 2015-6 / NT$500,https://book.douban.com/subject/26374210/
開放的門:對於表演與劇場的思考:对于表演与剧场的思考,0.0,(11人评价),"作者/译者： 彼得．布魯克、Brook, Peter / 陳敬旻 ",出版信息：  書林出版有限公司 / 2009 / NT$280,https://book.douban.com/subject/4179365/
以軍令興內政:徵兵制與國府建國的策略與實際(1928-1945),0.0,(少于10人评价),作者/译者： 汪正晟 ,出版信息：  國立臺灣大學出版中心 / 2007-12-1 / NTD 300.00,https://book.douban.com/subject/20407846/
經史子集:翻譯、文學與文化劄記,0.0,(少于10人评价),作者/译者： 李奭學 ,出版信息：  聯合文學 / 2005-3-1 / NT$ 450,https://book.douban.com/subject/1348600/
金文詁林,0.0,(少于10人评价),作者/译者： ,出版信息： 周法高主編、張日昇、徐芷儀、林潔明編纂 / 香港中文大學 / 1975,https://book.douban.com/subject/5030417/
京都學派哲學七講,0.0,(少于10人评价),作者/译者： 吳汝鈞 ,出版信息：  文津 / 1998-06 / 80.00元,https://book.douban.com/subject/2062925/
現象學導論,0.0,(12人评价),作者/译者： 德穆．莫倫，譯／蔡錚雲 ,出版信息：  桂冠 / 20050201 / NT$ 600,https://book.douban.com/subject/1348128/
神曲:增订新版,0.0,(少于10人评价),作者/译者： [意] 但丁 ,出版信息：  黄国彬 / 九歌出版社 / 2020-7,https://book.douban.com/subject/35087280/
香港明信片精选:1940''s-1970''s,0.0,(少于10人评价),作者/译者： 郑宝鸿 ,出版信息：  三联书店（香港）有限公司 / 1997年1月 / 320,https://book.douban.com/subject/1639479/
